Root File,File Name,Total Groups
18 y 19 nov sotto ,48000Hz16__19_11_18__19-27-32_23.39,1
18 y 19 nov sotto ,48000Hz16__20_11_18__10-1-24_23.20,0
18 y 19 nov sotto ,48000Hz16__19_11_18__18-6-36_23.47,1
18 y 19 nov sotto ,48000Hz16__19_11_18__12-45-9_24.77,3
18 y 19 nov sotto ,48000Hz16__20_11_18__10-25-54_23.25,3
18 y 19 nov sotto ,48000Hz16__20_11_18__0-39-28_23.3,1
18 y 19 nov sotto ,48000Hz16__19_11_18__18-38-59_23.44,1
18 y 19 nov sotto ,48000Hz16__20_11_18__1-12-1_22.98,0
18 y 19 nov sotto ,48000Hz16__19_11_18__17-34-18_23.45,4
18 y 19 nov sotto ,48000Hz16__19_11_18__13-45-48_23.17,10
18 y 19 nov sotto ,48000Hz16__19_11_18__18-16-43_23.43,1
18 y 19 nov sotto ,48000Hz16__20_11_18__1-54-38_22.94,1
18 y 19 nov sotto ,48000Hz16__19_11_18__14-52-33_23.23,1
18 y 19 nov sotto ,48000Hz16__19_11_18__19-29-33_23.35,1
18 y 19 nov sotto ,48000Hz16__19_11_18__23-36-42_23.9,0
18 y 19 nov sotto ,48000Hz16__19_11_18__19-5-15_23.39,0
18 y 19 nov sotto ,48000Hz16__19_11_18__20-58-41_23.27,4
18 y 19 nov sotto ,48000Hz16__20_11_18__10-23-51_23.25,2
18 y 19 nov sotto ,48000Hz16__19_11_18__17-40-21_23.46,1
18 y 19 nov sotto ,48000Hz16__19_11_18__15-14-45_23.28,1
18 y 19 nov sotto ,48000Hz16__19_11_18__17-38-20_23.44,1
18 y 19 nov sotto ,48000Hz16__20_11_18__1-24-10_22.98,0
18 y 19 nov sotto ,48000Hz16__19_11_18__15-28-56_23.34,0
18 y 19 nov sotto ,48000Hz16__19_11_18__22-52-9_23.14,0
18 y 19 nov sotto ,48000Hz16__20_11_18__10-11-37_23.22,14
18 y 19 nov sotto ,48000Hz16__19_11_18__15-4-39_23.23,1
18 y 19 nov sotto ,48000Hz16__19_11_18__14-18-6_23.16,1
18 y 19 nov sotto ,48000Hz16__19_11_18__23-2-15_23.13,1
18 y 19 nov sotto ,48000Hz16__19_11_18__22-19-44_23.17,11
18 y 19 nov sotto ,48000Hz16__20_11_18__1-1-52_22.99,0
18 y 19 nov sotto ,48000Hz16__19_11_18__14-48-30_23.23,0
18 y 19 nov sotto ,48000Hz16__20_11_18__0-21-13_23.4,0
18 y 19 nov sotto ,48000Hz16__19_11_18__22-9-37_23.18,0
18 y 19 nov sotto ,48000Hz16__20_11_18__0-11-4_23.4,1
18 y 19 nov sotto ,48000Hz16__19_11_18__21-8-48_23.25,0
18 y 19 nov sotto ,48000Hz16__20_11_18__1-42-27_22.95,1
18 y 19 nov sotto ,48000Hz16__19_11_18__23-26-35_23.9,0
18 y 19 nov sotto ,48000Hz16__19_11_18__14-46-28_23.21,1
18 y 19 nov sotto ,48000Hz16__19_11_18__14-22-8_23.17,0
18 y 19 nov sotto ,48000Hz16__19_11_18__20-18-4_23.30,0
18 y 19 nov sotto ,48000Hz16__19_11_18__23-52-51_23.6,1
18 y 19 nov sotto ,48000Hz16__19_11_18__18-26-50_23.44,0
18 y 19 nov sotto ,48000Hz16__19_11_18__19-55-50_23.34,0
18 y 19 nov sotto ,48000Hz16__19_11_18__19-31-34_23.38,0
18 y 19 nov sotto ,48000Hz16__19_11_18__16-31-39_23.44,0
18 y 19 nov sotto ,48000Hz16__19_11_18__20-26-9_23.32,0
18 y 19 nov sotto ,48000Hz16__19_11_18__20-5-57_23.32,4
18 y 19 nov sotto ,48000Hz16__19_11_18__15-53-16_23.34,0
18 y 19 nov sotto ,48000Hz16__19_11_18__18-49-7_23.42,1
18 y 19 nov sotto ,48000Hz16__19_11_18__21-14-54_23.24,17
18 y 19 nov sotto ,48000Hz16__19_11_18__14-10-2_23.17,0
18 y 19 nov sotto ,48000Hz16__19_11_18__14-54-34_23.23,0
18 y 19 nov sotto ,48000Hz16__19_11_18__20-36-20_23.30,0
18 y 19 nov sotto ,48000Hz16__19_11_18__17-14-6_23.45,2
18 y 19 nov sotto ,48000Hz16__19_11_18__20-14-1_23.33,1
18 y 19 nov sotto ,48000Hz16__19_11_18__20-7-58_23.32,0
18 y 19 nov sotto ,48000Hz16__19_11_18__21-4-46_23.27,0
18 y 19 nov sotto ,48000Hz16__19_11_18__12-43-8_24.92,2
18 y 19 nov sotto ,48000Hz16__19_11_18__12-22-56_30.66,4
18 y 19 nov sotto ,48000Hz16__20_11_18__1-32-16_22.97,0
18 y 19 nov sotto ,48000Hz16__19_11_18__15-26-55_23.31,2
18 y 19 nov sotto ,48000Hz16__20_11_18__1-10-0_22.99,1
18 y 19 nov sotto ,48000Hz16__19_11_18__18-18-44_23.46,0
18 y 19 nov sotto ,48000Hz16__19_11_18__19-21-28_23.39,0
18 y 19 nov sotto ,48000Hz16__19_11_18__16-11-26_23.41,1
18 y 19 nov sotto ,48000Hz16__19_11_18__16-23-33_23.42,6
18 y 19 nov sotto ,48000Hz16__19_11_18__16-59-55_23.45,0
18 y 19 nov sotto ,48000Hz16__19_11_18__23-28-36_23.12,0
18 y 19 nov sotto ,48000Hz16__20_11_18__1-58-43_22.92,1
18 y 19 nov sotto ,48000Hz16__19_11_18__18-59-12_23.39,0
18 y 19 nov sotto ,48000Hz16__19_11_18__23-8-18_23.10,0
18 y 19 nov sotto ,48000Hz16__19_11_18__21-31-7_23.23,1
18 y 19 nov sotto ,48000Hz16__19_11_18__19-17-25_23.39,1
18 y 19 nov sotto ,48000Hz16__19_11_18__14-34-19_23.20,1
18 y 19 nov sotto ,48000Hz16__19_11_18__19-11-20_23.39,1
18 y 19 nov sotto ,48000Hz16__19_11_18__22-3-33_23.19,1
18 y 19 nov sotto ,48000Hz16__19_11_18__14-12-3_23.17,1
18 y 19 nov sotto ,48000Hz16__19_11_18__13-41-46_23.18,13
18 y 19 nov sotto ,48000Hz16__19_11_18__15-0-37_23.25,0
18 y 19 nov sotto ,48000Hz16__19_11_18__21-37-13_23.22,3
18 y 19 nov sotto ,48000Hz16__19_11_18__23-46-48_23.7,1
18 y 19 nov sotto ,48000Hz16__20_11_18__0-59-47_23.0,0
18 y 19 nov sotto ,48000Hz16__19_11_18__22-37-58_23.16,1
18 y 19 nov sotto ,48000Hz16__20_11_18__1-30-14_22.95,0
18 y 19 nov sotto ,48000Hz16__19_11_18__13-11-27_23.53,13
18 y 19 nov sotto ,48000Hz16__19_11_18__22-13-40_23.18,0
18 y 19 nov sotto ,48000Hz16__19_11_18__23-4-16_23.12,0
18 y 19 nov sotto ,48000Hz16__20_11_18__10-58-34_23.37,1
18 y 19 nov sotto ,48000Hz16__19_11_18__13-53-53_23.16,11
18 y 19 nov sotto ,48000Hz16__19_11_18__17-28-13_23.46,0
18 y 19 nov sotto ,48000Hz16__20_11_18__0-35-26_23.3,1
18 y 19 nov sotto ,48000Hz16__19_11_18__15-59-19_23.37,1
18 y 19 nov sotto ,48000Hz16__19_11_18__21-59-30_23.19,0
18 y 19 nov sotto ,48000Hz16__20_11_18__0-55-44_23.0,2
18 y 19 nov sotto ,48000Hz16__19_11_18__22-48-7_23.16,1
18 y 19 nov sotto ,48000Hz16__19_11_18__12-10-49_33.63,1
18 y 19 nov sotto ,48000Hz16__19_11_18__16-15-29_23.39,0
18 y 19 nov sotto ,48000Hz16__20_11_18__0-9-2_23.3,1
18 y 19 nov sotto ,48000Hz16__20_11_18__1-18-6_22.98,0
18 y 19 nov sotto ,48000Hz16__19_11_18__15-10-42_23.24,2
18 y 19 nov sotto ,48000Hz16__20_11_18__1-22-8_22.97,1
18 y 19 nov sotto ,48000Hz16__19_11_18__21-2-45_23.27,1
18 y 19 nov sotto ,48000Hz16__19_11_18__13-37-44_23.18,17
18 y 19 nov sotto ,48000Hz16__19_11_18__15-2-38_23.24,2
18 y 19 nov sotto ,48000Hz16__19_11_18__19-45-45_23.36,0
18 y 19 nov sotto ,48000Hz16__19_11_18__20-3-56_23.34,0
18 y 19 nov sotto ,48000Hz16__19_11_18__17-56-31_23.45,1
18 y 19 nov sotto ,48000Hz16__20_11_18__0-41-31_23.1,2
18 y 19 nov sotto ,48000Hz16__19_11_18__22-50-8_23.14,3
18 y 19 nov sotto ,48000Hz16__19_11_18__12-53-15_24.21,5
18 y 19 nov sotto ,48000Hz16__19_11_18__19-35-38_23.36,1
18 y 19 nov sotto ,48000Hz16__19_11_18__13-19-31_23.36,1
18 y 19 nov sotto ,48000Hz16__20_11_18__0-33-23_23.3,0
18 y 19 nov sotto ,48000Hz16__19_11_18__22-21-45_23.18,6
18 y 19 nov sotto ,48000Hz16__19_11_18__17-10-4_23.46,0
18 y 19 nov sotto ,48000Hz16__20_11_18__1-38-23_22.94,1
18 y 19 nov sotto ,48000Hz16__19_11_18__23-58-55_23.5,0
18 y 19 nov sotto ,48000Hz16__19_11_18__12-4-46_31.28,1
18 y 19 nov sotto ,48000Hz16__19_11_18__13-51-52_23.15,14
18 y 19 nov sotto ,48000Hz16__19_11_18__13-13-28_23.48,1
18 y 19 nov sotto ,48000Hz16__20_11_18__10-40-12_23.32,1
18 y 19 nov sotto ,48000Hz16__19_11_18__13-59-56_23.17,1
18 y 19 nov sotto ,48000Hz16__20_11_18__0-25-17_23.3,1
18 y 19 nov sotto ,48000Hz16__19_11_18__23-42-46_23.10,0
18 y 19 nov sotto ,48000Hz16__19_11_18__16-1-20_23.39,0
18 y 19 nov sotto ,48000Hz16__19_11_18__13-57-55_23.14,3
18 y 19 nov sotto ,48000Hz16__19_11_18__18-45-3_23.41,1
18 y 19 nov sotto ,48000Hz16__19_11_18__22-15-42_23.19,6
18 y 19 nov sotto ,48000Hz16__19_11_18__12-18-54_35.0,0
18 y 19 nov sotto ,48000Hz16__19_11_18__21-12-52_23.25,18
18 y 19 nov sotto ,48000Hz16__19_11_18__16-47-49_23.46,1
18 y 19 nov sotto ,48000Hz16__19_11_18__15-12-43_23.28,1
18 y 19 nov sotto ,48000Hz16__19_11_18__20-50-37_23.27,1
18 y 19 nov sotto ,48000Hz16__19_11_18__18-41-0_23.42,1
18 y 19 nov sotto ,48000Hz16__20_11_18__10-3-28_23.20,1
18 y 19 nov sotto ,48000Hz16__19_11_18__20-52-38_23.27,0
18 y 19 nov sotto ,48000Hz16__19_11_18__20-38-29_23.30,1
18 y 19 nov sotto ,48000Hz16__19_11_18__17-24-11_23.47,1
18 y 19 nov sotto ,48000Hz16__19_11_18__18-12-41_23.47,3
18 y 19 nov sotto ,48000Hz16__19_11_18__19-41-41_23.33,1
18 y 19 nov sotto ,48000Hz16__19_11_18__19-49-47_23.36,0
18 y 19 nov sotto ,48000Hz16__19_11_18__12-6-47_32.16,1
18 y 19 nov sotto ,48000Hz16__19_11_18__23-38-43_23.10,2
18 y 19 nov sotto ,48000Hz16__19_11_18__12-8-48_32.94,4
18 y 19 nov sotto ,48000Hz16__19_11_18__14-26-10_23.17,0
18 y 19 nov sotto ,48000Hz16__19_11_18__23-12-22_23.7,0
18 y 19 nov sotto ,48000Hz16__19_11_18__21-29-6_23.24,2
18 y 19 nov sotto ,48000Hz16__19_11_18__22-25-48_23.17,9
18 y 19 nov sotto ,48000Hz16__19_11_18__17-54-30_23.46,1
18 y 19 nov sotto ,48000Hz16__19_11_18__18-57-11_23.42,1
18 y 19 nov sotto ,48000Hz16__20_11_18__0-45-34_23.1,3
18 y 19 nov sotto ,48000Hz16__19_11_18__15-41-7_23.34,1
18 y 19 nov sotto ,48000Hz16__19_11_18__15-45-11_23.35,1
18 y 19 nov sotto ,48000Hz16__19_11_18__23-50-50_23.7,0
18 y 19 nov sotto ,48000Hz16__20_11_18__0-49-37_23.0,0
18 y 19 nov sotto ,48000Hz16__20_11_18__10-36-7_23.31,0
18 y 19 nov sotto ,48000Hz16__20_11_18__10-48-22_23.34,0
18 y 19 nov sotto ,48000Hz16__19_11_18__20-32-14_23.30,0
18 y 19 nov sotto ,48000Hz16__19_11_18__17-44-23_23.44,1
18 y 19 nov sotto ,48000Hz16__19_11_18__13-25-35_23.29,8
18 y 19 nov sotto ,48000Hz16__20_11_18__1-7-58_23.1,0
18 y 19 nov sotto ,48000Hz16__19_11_18__13-5-24_23.73,1
18 y 19 nov sotto ,48000Hz16__19_11_18__12-28-58_27.26,7
18 y 19 nov sotto ,48000Hz16__19_11_18__16-55-53_23.44,2
18 y 19 nov sotto ,48000Hz16__19_11_18__23-54-53_23.7,1
18 y 19 nov sotto ,48000Hz16__19_11_18__12-57-18_24.5,2
18 y 19 nov sotto ,48000Hz16__19_11_18__13-9-26_23.57,3
18 y 19 nov sotto ,48000Hz16__20_11_18__0-47-35_22.99,0
18 y 19 nov sotto ,48000Hz16__19_11_18__21-18-56_23.25,4
18 y 19 nov sotto ,48000Hz16__19_11_18__21-23-1_23.24,0
18 y 19 nov sotto ,48000Hz16__19_11_18__18-8-39_23.46,1
18 y 19 nov sotto ,48000Hz16__19_11_18__22-56-11_23.14,2
18 y 19 nov sotto ,48000Hz16__19_11_18__14-58-36_23.25,1
18 y 19 nov sotto ,48000Hz16__19_11_18__21-0-42_23.25,5
18 y 19 nov sotto ,48000Hz16__19_11_18__17-52-28_23.46,0
18 y 19 nov sotto ,48000Hz16__19_11_18__17-8-2_23.45,1
18 y 19 nov sotto ,48000Hz16__19_11_18__14-8-1_23.15,0
18 y 19 nov sotto ,48000Hz16__19_11_18__17-22-10_23.48,1
18 y 19 nov sotto ,48000Hz16__19_11_18__21-47-21_23.20,2
18 y 19 nov sotto ,48000Hz16__19_11_18__20-54-39_23.28,0
18 y 19 nov sotto ,48000Hz16__19_11_18__17-42-22_23.44,2
18 y 19 nov sotto ,48000Hz16__19_11_18__19-59-52_23.32,0
18 y 19 nov sotto ,48000Hz16__20_11_18__10-19-47_23.25,4
18 y 19 nov sotto ,48000Hz16__20_11_18__1-46-31_22.94,1
18 y 19 nov sotto ,48000Hz16__19_11_18__22-46-4_23.14,0
18 y 19 nov sotto ,48000Hz16__19_11_18__23-10-20_23.10,1
18 y 19 nov sotto ,48000Hz16__20_11_18__0-15-8_23.4,0
18 y 19 nov sotto ,48000Hz16__19_11_18__23-34-40_23.10,0
18 y 19 nov sotto ,48000Hz16__19_11_18__16-7-23_23.39,3
18 y 19 nov sotto ,48000Hz16__19_11_18__15-18-47_23.29,0
18 y 19 nov sotto ,48000Hz16__19_11_18__13-3-23_23.80,2
18 y 19 nov sotto ,48000Hz16__20_11_18__0-17-9_23.5,2
18 y 19 nov sotto ,48000Hz16__20_11_18__10-15-42_23.22,2
18 y 19 nov sotto ,48000Hz16__20_11_18__10-5-30_23.20,1
18 y 19 nov sotto ,48000Hz16__19_11_18__16-25-35_23.44,3
18 y 19 nov sotto ,48000Hz16__20_11_18__10-34-4_23.31,1
18 y 19 nov sotto ,48000Hz16__19_11_18__14-38-22_23.20,0
18 y 19 nov sotto ,48000Hz16__19_11_18__12-20-55_33.0,6
18 y 19 nov sotto ,48000Hz16__19_11_18__17-12-5_23.46,2
18 y 19 nov sotto ,48000Hz16__19_11_18__21-51-25_23.20,1
18 y 19 nov sotto ,48000Hz16__19_11_18__23-30-37_23.9,1
18 y 19 nov sotto ,48000Hz16__19_11_18__13-31-40_23.21,2
18 y 19 nov sotto ,48000Hz16__19_11_18__13-7-25_23.64,3
18 y 19 nov sotto ,48000Hz16__20_11_18__0-19-10_23.4,0
18 y 19 nov sotto ,48000Hz16__19_11_18__20-46-35_23.29,1
18 y 19 nov sotto ,48000Hz16__19_11_18__21-57-29_23.22,0
18 y 19 nov sotto ,48000Hz16__20_11_18__10-21-50_23.27,6
18 y 19 nov sotto ,48000Hz16__19_11_18__13-49-51_23.17,18
18 y 19 nov sotto ,48000Hz16__19_11_18__16-17-30_23.42,3
18 y 19 nov sotto ,48000Hz16__19_11_18__15-43-10_23.34,0
18 y 19 nov sotto ,48000Hz16__19_11_18__14-30-12_23.20,0
18 y 19 nov sotto ,48000Hz16__19_11_18__22-5-35_23.20,0
18 y 19 nov sotto ,48000Hz16__19_11_18__15-33-1_23.33,1
18 y 19 nov sotto ,48000Hz16__19_11_18__18-30-53_23.44,1
18 y 19 nov sotto ,48000Hz16__20_11_18__1-20-7_22.95,1
18 y 19 nov sotto ,48000Hz16__19_11_18__14-42-25_23.20,0
18 y 19 nov sotto ,48000Hz16__19_11_18__18-22-46_23.43,0
18 y 19 nov sotto ,48000Hz16__19_11_18__22-29-50_23.17,2
18 y 19 nov sotto ,48000Hz16__19_11_18__15-51-15_23.36,1
18 y 19 nov sotto ,48000Hz16__19_11_18__22-35-56_23.16,16
18 y 19 nov sotto ,48000Hz16__19_11_18__20-42-31_23.31,1
18 y 19 nov sotto ,48000Hz16__19_11_18__23-22-30_23.9,2
18 y 19 nov sotto ,48000Hz16__19_11_18__18-43-1_23.42,2
18 y 19 nov sotto ,48000Hz16__19_11_18__19-53-49_23.34,0
18 y 19 nov sotto ,48000Hz16__19_11_18__20-30-13_23.28,0
18 y 19 nov sotto ,48000Hz16__19_11_18__12-24-56_28.99,4
18 y 19 nov sotto ,48000Hz16__19_11_18__13-21-32_23.33,10
18 y 19 nov sotto ,48000Hz16__19_11_18__22-23-47_23.17,18
18 y 19 nov sotto ,48000Hz16__19_11_18__12-33-2_25.94,3
18 y 19 nov sotto ,48000Hz16__20_11_18__10-42-15_23.35,0
18 y 19 nov sotto ,48000Hz16__19_11_18__12-30-59_26.56,2
18 y 19 nov sotto ,48000Hz16__19_11_18__21-25-2_23.23,1
18 y 19 nov sotto ,48000Hz16__19_11_18__21-39-16_23.22,6
18 y 19 nov sotto ,48000Hz16__19_11_18__22-7-36_23.20,1
18 y 19 nov sotto ,48000Hz16__19_11_18__18-20-45_23.44,0
18 y 19 nov sotto ,48000Hz16__19_11_18__12-37-3_25.53,4
18 y 19 nov sotto ,48000Hz16__19_11_18__17-32-16_23.45,0
18 y 19 nov sotto ,48000Hz16__19_11_18__19-13-22_23.39,1
18 y 19 nov sotto ,48000Hz16__19_11_18__23-14-24_23.10,0
18 y 19 nov sotto ,48000Hz16__19_11_18__17-48-25_23.47,2
18 y 19 nov sotto ,48000Hz16__20_11_18__0-13-5_23.6,2
18 y 19 nov sotto ,48000Hz16__19_11_18__18-0-33_23.44,1
18 y 19 nov sotto ,48000Hz16__19_11_18__12-39-6_25.29,6
18 y 19 nov sotto ,48000Hz16__19_11_18__23-48-49_23.8,0
18 y 19 nov sotto ,48000Hz16__19_11_18__17-18-8_23.49,1
18 y 19 nov sotto ,48000Hz16__19_11_18__17-46-24_23.45,2
18 y 19 nov sotto ,48000Hz16__19_11_18__19-1-13_23.41,0
18 y 19 nov sotto ,48000Hz16__20_11_18__0-29-20_23.3,1
18 y 19 nov sotto ,48000Hz16__20_11_18__0-51-38_23.1,1
18 y 19 nov sotto ,48000Hz16__19_11_18__22-11-38_23.19,3
18 y 19 nov sotto ,48000Hz16__19_11_18__21-53-26_23.20,2
18 y 19 nov sotto ,48000Hz16__19_11_18__12-41-7_25.10,3
18 y 19 nov sotto ,48000Hz16__20_11_18__10-50-24_23.35,0
18 y 19 nov sotto ,48000Hz16__19_11_18__12-49-10_24.48,3
18 y 19 nov sotto ,48000Hz16__19_11_18__16-49-50_23.47,13
18 y 19 nov sotto ,48000Hz16__20_11_18__10-56-31_23.36,0
18 y 19 nov sotto ,48000Hz16__20_11_18__10-13-40_23.20,11
18 y 19 nov sotto ,48000Hz16__19_11_18__18-36-58_23.44,0
18 y 19 nov sotto ,48000Hz16__19_11_18__14-3-59_23.15,3
18 y 19 nov sotto ,48000Hz16__20_11_18__10-30-0_23.30,0
18 y 19 nov sotto ,48000Hz16__19_11_18__16-39-45_23.45,0
18 y 19 nov sotto ,48000Hz16__20_11_18__0-43-33_23.1,2
18 y 19 nov sotto ,48000Hz16__19_11_18__21-27-5_23.24,1
18 y 19 nov sotto ,48000Hz16__20_11_18__10-27-57_23.30,5
18 y 19 nov sotto ,48000Hz16__20_11_18__0-31-21_23.4,1
18 y 19 nov sotto ,48000Hz16__19_11_18__22-54-10_23.15,0
18 y 19 nov sotto ,48000Hz16__19_11_18__23-40-44_23.9,1
18 y 19 nov sotto ,48000Hz16__19_11_18__19-51-48_23.34,0
18 y 19 nov sotto ,48000Hz16__19_11_18__21-45-20_23.21,2
18 y 19 nov sotto ,48000Hz16__19_11_18__20-9-59_23.33,0
18 y 19 nov sotto ,48000Hz16__19_11_18__18-47-5_23.43,0
18 y 19 nov sotto ,48000Hz16__19_11_18__20-56-40_23.27,2
18 y 19 nov sotto ,48000Hz16__19_11_18__16-41-46_23.48,0
18 y 19 nov sotto ,48000Hz16__19_11_18__20-40-30_23.31,0
18 y 19 nov sotto ,48000Hz16__19_11_18__16-5-22_23.36,2
18 y 19 nov sotto ,48000Hz16__19_11_18__12-35-3_25.76,4
18 y 19 nov sotto ,48000Hz16__20_11_18__1-44-30_22.95,2
18 y 19 nov sotto ,48000Hz16__19_11_18__17-5-59_23.45,1
18 y 19 nov sotto ,48000Hz16__19_11_18__18-51-8_23.43,1
18 y 19 nov sotto ,48000Hz16__19_11_18__16-27-36_23.45,1
18 y 19 nov sotto ,48000Hz16__19_11_18__15-39-5_23.36,2
18 y 19 nov sotto ,48000Hz16__19_11_18__20-24-8_23.31,1
18 y 19 nov sotto ,48000Hz16__20_11_18__1-16-4_22.98,0
18 y 19 nov sotto ,48000Hz16__19_11_18__17-26-12_23.46,0
18 y 19 nov sotto ,48000Hz16__20_11_18__1-14-3_22.99,0
18 y 19 nov sotto ,48000Hz16__19_11_18__15-57-18_23.37,1
18 y 19 nov sotto ,48000Hz16__19_11_18__14-32-17_23.20,0
18 y 19 nov sotto ,48000Hz16__19_11_18__22-27-49_23.16,2
18 y 19 nov sotto ,48000Hz16__19_11_18__22-17-43_23.17,1
18 y 19 nov sotto ,48000Hz16__19_11_18__17-16-7_23.46,0
18 y 19 nov sotto ,48000Hz16__19_11_18__21-10-51_23.23,0
18 y 19 nov sotto ,48000Hz16__19_11_18__12-47-10_24.60,2
18 y 19 nov sotto ,48000Hz16__19_11_18__22-44-2_23.17,1
18 y 19 nov sotto ,48000Hz16__19_11_18__17-3-58_23.45,1
18 y 19 nov sotto ,48000Hz16__20_11_18__10-38-9_23.33,0
18 y 19 nov sotto ,48000Hz16__19_11_18__18-10-40_23.47,1
18 y 19 nov sotto ,48000Hz16__19_11_18__15-22-52_23.30,1
18 y 19 nov sotto ,48000Hz16__19_11_18__13-39-45_23.18,14
18 y 19 nov sotto ,48000Hz16__19_11_18__21-41-18_23.22,1
18 y 19 nov sotto ,48000Hz16__19_11_18__16-37-42_23.46,3
18 y 19 nov sotto ,48000Hz16__20_11_18__1-3-55_23.0,0
18 y 19 nov sotto ,48000Hz16__19_11_18__18-24-49_23.44,2
18 y 19 nov sotto ,48000Hz16__19_11_18__16-45-48_23.46,20
18 y 19 nov sotto ,48000Hz16__19_11_18__18-53-9_23.43,0
18 y 19 nov sotto ,48000Hz16__19_11_18__21-20-59_23.24,5
18 y 19 nov sotto ,48000Hz16__20_11_18__10-46-19_23.35,1
18 y 19 nov sotto ,48000Hz16__19_11_18__20-16-2_23.31,0
18 y 19 nov sotto ,48000Hz16__19_11_18__17-1-57_23.45,5
18 y 19 nov sotto ,48000Hz16__19_11_18__21-49-23_23.20,1
18 y 19 nov sotto ,48000Hz16__19_11_18__16-13-27_23.39,0
18 y 19 nov sotto ,48000Hz16__19_11_18__19-15-23_23.39,2
18 y 19 nov sotto ,48000Hz16__19_11_18__18-55-10_23.42,1
18 y 19 nov sotto ,48000Hz16__19_11_18__16-3-21_23.36,0
18 y 19 nov sotto ,48000Hz16__19_11_18__15-55-17_23.36,2
18 y 19 nov sotto ,48000Hz16__19_11_18__17-50-26_23.45,0
18 y 19 nov sotto ,48000Hz16__19_11_18__13-27-36_23.28,3
18 y 19 nov sotto ,48000Hz16__19_11_18__17-58-32_23.45,0
18 y 19 nov sotto ,48000Hz16__19_11_18__21-33-9_23.22,1
18 y 19 nov sotto ,48000Hz16__20_11_18__1-34-17_22.95,0
18 y 19 nov sotto ,48000Hz16__19_11_18__19-43-42_23.33,1
18 y 19 nov sotto ,48000Hz16__19_11_18__16-57-54_23.45,12
18 y 19 nov sotto ,48000Hz16__19_11_18__14-6-0_23.15,1
18 y 19 nov sotto ,48000Hz16__19_11_18__13-55-54_23.15,3
18 y 19 nov sotto ,48000Hz16__19_11_18__20-28-12_23.32,1
18 y 19 nov sotto ,48000Hz16__20_11_18__1-40-25_22.95,1
18 y 19 nov sotto ,48000Hz16__19_11_18__16-51-51_23.45,3
18 y 19 nov sotto ,48000Hz16__19_11_18__15-20-48_23.28,1
18 y 19 nov sotto ,48000Hz16__19_11_18__21-55-27_23.20,0
18 y 19 nov sotto ,48000Hz16__19_11_18__13-29-37_23.23,6
18 y 19 nov sotto ,48000Hz16__19_11_18__23-44-47_23.8,1
18 y 19 nov sotto ,48000Hz16__19_11_18__16-29-38_23.45,3
18 y 19 nov sotto ,48000Hz16__19_11_18__12-16-53_35.76,19
18 y 19 nov sotto ,48000Hz16__20_11_18__10-44-16_23.34,0
18 y 19 nov sotto ,48000Hz16__19_11_18__22-39-59_23.16,44
18 y 19 nov sotto ,48000Hz16__19_11_18__13-17-30_23.39,1
18 y 19 nov sotto ,48000Hz16__20_11_18__1-28-13_22.95,2
18 y 19 nov sotto ,48000Hz16__19_11_18__19-3-14_23.42,1
18 y 19 nov sotto ,48000Hz16__19_11_18__20-34-18_23.30,1
18 y 19 nov sotto ,48000Hz16__19_11_18__20-20-5_23.31,0
18 y 19 nov sotto ,48000Hz16__19_11_18__20-1-55_23.33,1
18 y 19 nov sotto ,48000Hz16__19_11_18__19-47-46_23.36,1
18 y 19 nov sotto ,48000Hz16__19_11_18__23-20-28_23.9,1
18 y 19 nov sotto ,48000Hz16__19_11_18__15-30-59_23.31,1
18 y 19 nov sotto ,48000Hz16__19_11_18__21-43-19_23.21,1
18 y 19 nov sotto ,48000Hz16__20_11_18__1-48-34_22.93,1
18 y 19 nov sotto ,48000Hz16__19_11_18__16-21-32_23.45,2
18 y 19 nov sotto ,48000Hz16__19_11_18__15-49-14_23.36,0
18 y 19 nov sotto ,48000Hz16__19_11_18__22-33-55_23.14,0
18 y 19 nov sotto ,48000Hz16__19_11_18__22-42-1_23.14,2
18 y 19 nov sotto ,48000Hz16__19_11_18__23-6-17_23.12,0
18 y 19 nov sotto ,48000Hz16__19_11_18__16-53-52_23.46,0
18 y 19 nov sotto ,48000Hz16__19_11_18__15-35-3_23.33,0
18 y 19 nov sotto ,48000Hz16__20_11_18__10-7-32_23.19,4
18 y 19 nov sotto ,48000Hz16__19_11_18__18-2-34_23.47,11
18 y 19 nov sotto ,48000Hz16__19_11_18__18-28-52_23.43,0
18 y 19 nov sotto ,48000Hz16__20_11_18__1-36-20_22.93,3
18 y 19 nov sotto ,48000Hz16__19_11_18__16-9-24_23.38,4
18 y 19 nov sotto ,48000Hz16__19_11_18__13-43-47_23.18,17
18 y 19 nov sotto ,48000Hz16__19_11_18__14-44-26_23.22,0
18 y 19 nov sotto ,48000Hz16__19_11_18__14-28-11_23.20,2
18 y 19 nov sotto ,48000Hz16__20_11_18__0-0-56_23.5,1
18 y 19 nov sotto ,48000Hz16__19_11_18__17-20-9_23.45,3
18 y 19 nov sotto ,48000Hz16__19_11_18__14-20-7_23.16,1
18 y 19 nov sotto ,48000Hz16__19_11_18__18-34-56_23.45,0
18 y 19 nov sotto ,48000Hz16__19_11_18__14-1-57_23.14,8
18 y 19 nov sotto ,48000Hz16__19_11_18__19-39-40_23.34,0
18 y 19 nov sotto ,48000Hz16__19_11_18__14-16-5_23.16,0
18 y 19 nov sotto ,48000Hz16__20_11_18__0-23-16_23.4,0
18 y 19 nov sotto ,48000Hz16__19_11_18__13-33-42_23.21,17
18 y 19 nov sotto ,48000Hz16__19_11_18__12-59-19_23.96,1
18 y 19 nov sotto ,48000Hz16__19_11_18__12-51-11_24.34,2
18 y 19 nov sotto ,48000Hz16__19_11_18__19-23-30_23.38,2
18 y 19 nov sotto ,48000Hz16__19_11_18__12-12-51_34.42,5
18 y 19 nov sotto ,48000Hz16__19_11_18__12-14-52_35.17,3
18 y 19 nov sotto ,48000Hz16__19_11_18__22-1-32_23.18,0
18 y 19 nov sotto ,48000Hz16__20_11_18__0-53-42_23.1,0
18 y 19 nov sotto ,48000Hz16__19_11_18__12-55-17_24.15,1
18 y 19 nov sotto ,48000Hz16__19_11_18__19-37-39_23.36,0
18 y 19 nov sotto ,48000Hz16__19_11_18__21-35-12_23.23,7
18 y 19 nov sotto ,48000Hz16__19_11_18__16-35-41_23.45,0
18 y 19 nov sotto ,48000Hz16__19_11_18__15-37-4_23.34,1
18 y 19 nov sotto ,48000Hz16__20_11_18__1-52-37_22.94,1
18 y 19 nov sotto ,48000Hz16__19_11_18__13-1-21_23.87,3
18 y 19 nov sotto ,48000Hz16__19_11_18__22-31-51_23.16,1
18 y 19 nov sotto ,48000Hz16__20_11_18__0-2-59_23.6,1
18 y 19 nov sotto ,48000Hz16__20_11_18__10-54-29_23.34,3
18 y 19 nov sotto ,48000Hz16__19_11_18__14-14-4_23.16,1
18 y 19 nov sotto ,48000Hz16__19_11_18__23-56-54_23.4,1
18 y 19 nov sotto ,48000Hz16__19_11_18__20-44-33_23.29,0
18 y 19 nov sotto ,48000Hz16__19_11_18__12-0-40_30.51,5
18 y 19 nov sotto ,48000Hz16__20_11_18__0-57-45_22.99,1
18 y 19 nov sotto ,48000Hz16__19_11_18__19-19-27_23.38,0
18 y 19 nov sotto ,48000Hz16__19_11_18__14-56-35_23.25,0
18 y 19 nov sotto ,48000Hz16__19_11_18__19-25-31_23.36,1
18 y 19 nov sotto ,48000Hz16__20_11_18__1-26-11_22.98,2
18 y 19 nov sotto ,48000Hz16__19_11_18__21-16-55_23.25,1
18 y 19 nov sotto ,48000Hz16__19_11_18__23-16-25_23.13,1
18 y 19 nov sotto ,48000Hz16__19_11_18__14-50-32_23.24,1
18 y 19 nov sotto ,48000Hz16__20_11_18__10-32-2_23.30,3
18 y 19 nov sotto ,48000Hz16__19_11_18__14-40-23_23.20,0
18 y 19 nov sotto ,48000Hz16__19_11_18__14-24-9_23.17,1
18 y 19 nov sotto ,48000Hz16__19_11_18__23-18-26_23.10,0
18 y 19 nov sotto ,48000Hz16__19_11_18__18-4-35_23.46,2
18 y 19 nov sotto ,48000Hz16__19_11_18__19-7-18_23.42,1
18 y 19 nov sotto ,48000Hz16__20_11_18__1-50-35_22.91,1
18 y 19 nov sotto ,48000Hz16__19_11_18__16-33-40_23.45,1
18 y 19 nov sotto ,48000Hz16__20_11_18__10-17-44_23.23,4
18 y 19 nov sotto ,48000Hz16__19_11_18__16-43-47_23.45,21
18 y 19 nov sotto ,48000Hz16__19_11_18__19-57-51_23.33,2
18 y 19 nov sotto ,48000Hz16__19_11_18__20-12-0_23.32,0
18 y 19 nov sotto ,48000Hz16__19_11_18__16-19-31_23.43,3
18 y 19 nov sotto ,48000Hz16__19_11_18__13-47-50_23.16,31
18 y 19 nov sotto ,48000Hz16__19_11_18__17-30-15_23.46,1
18 y 19 nov sotto ,48000Hz16__19_11_18__23-0-14_23.14,1
18 y 19 nov sotto ,48000Hz16__19_11_18__15-16-46_23.28,0
18 y 19 nov sotto ,48000Hz16__19_11_18__23-32-38_23.7,1
18 y 19 nov sotto ,48000Hz16__19_11_18__15-8-41_23.27,4
18 y 19 nov sotto ,48000Hz16__20_11_18__0-37-27_23.1,0
18 y 19 nov sotto ,48000Hz16__19_11_18__12-2-41_30.83,2
18 y 19 nov sotto ,48000Hz16__19_11_18__17-36-19_23.44,0
18 y 19 nov sotto ,48000Hz16__19_11_18__15-47-13_23.35,1
18 y 19 nov sotto ,48000Hz16__20_11_18__10-9-35_23.22,1
18 y 19 nov sotto ,48000Hz16__20_11_18__0-7-1_23.4,0
18 y 19 nov sotto ,48000Hz16__19_11_18__12-26-57_28.1,4
18 y 19 nov sotto ,48000Hz16__19_11_18__23-24-32_23.10,0
18 y 19 nov sotto ,48000Hz16__19_11_18__19-9-19_23.41,0
18 y 19 nov sotto ,48000Hz16__19_11_18__15-24-54_23.31,0
18 y 19 nov sotto ,48000Hz16__20_11_18__1-5-56_22.99,1
18 y 19 nov sotto ,48000Hz16__19_11_18__20-22-6_23.30,0
18 y 19 nov sotto ,48000Hz16__19_11_18__13-15-29_23.45,1
18 y 19 nov sotto ,48000Hz16__19_11_18__20-48-36_23.29,2
18 y 19 nov sotto ,48000Hz16__19_11_18__13-35-43_23.20,29
18 y 19 nov sotto ,48000Hz16__19_11_18__18-32-55_23.45,1
18 y 19 nov sotto ,48000Hz16__19_11_18__15-6-40_23.25,4
18 y 19 nov sotto ,48000Hz16__19_11_18__18-14-42_23.45,0
18 y 19 nov sotto ,48000Hz16__19_11_18__21-6-47_23.27,3
18 y 19 nov sotto ,48000Hz16__19_11_18__13-23-33_23.31,4
18 y 19 nov sotto ,48000Hz16__19_11_18__22-58-12_23.12,1
18 y 19 nov sotto ,48000Hz16__19_11_18__14-36-21_23.20,0
18 y 19 nov sotto ,48000Hz16__20_11_18__1-56-41_22.92,0
18 y 19 nov sotto ,48000Hz16__20_11_18__0-27-19_23.4,1
18 y 19 nov sotto ,48000Hz16__19_11_18__19-33-37_23.37,0
18 y 19 nov sotto ,48000Hz16__20_11_18__0-5-0_23.4,0
18 y 19 nov sotto ,48000Hz16__20_11_18__10-52-27_23.36,16
Hidrofono 13 del lado del parto,48000Hz13__25_11_18__21-35-53_24.78,4
Hidrofono 13 del lado del parto,48000Hz13__25_11_18__14-7-28_24.71,1
Hidrofono 13 del lado del parto,48000Hz13__25_11_18__13-4-37_24.69,11
Hidrofono 13 del lado del parto,48000Hz13__25_11_18__18-21-0_24.96,4
Hidrofono 13 del lado del parto,48000Hz13__25_11_18__17-26-14_24.99,8
Hidrofono 13 del lado del parto,48000Hz13__25_11_18__23-17-29_24.69,0
Hidrofono 13 del lado del parto,48000Hz13__25_11_18__19-46-15_24.92,13
Hidrofono 13 del lado del parto,48000Hz13__26_11_18__1-1-8_24.62,2
Hidrofono 13 del lado del parto,48000Hz13__26_11_18__10-58-8_24.77,12
Hidrofono 13 del lado del parto,48000Hz13__26_11_18__10-15-19_24.68,21
Hidrofono 13 del lado del parto,48000Hz13__25_11_18__18-45-21_24.97,2
Hidrofono 13 del lado del parto,48000Hz13__25_11_18__14-5-27_24.71,1
Hidrofono 13 del lado del parto,48000Hz13__25_11_18__13-6-38_24.69,12
Hidrofono 13 del lado del parto,48000Hz13__25_11_18__14-9-30_24.74,1
Hidrofono 13 del lado del parto,48000Hz13__25_11_18__15-4-15_24.83,2
Hidrofono 13 del lado del parto,48000Hz13__26_11_18__0-57-4_24.61,2
Hidrofono 13 del lado del parto,48000Hz13__25_11_18__22-44-58_24.74,1
Hidrofono 13 del lado del parto,48000Hz13__25_11_18__23-27-38_24.67,0
Hidrofono 13 del lado del parto,48000Hz13__25_11_18__20-18-42_24.86,2
Hidrofono 13 del lado del parto,48000Hz13__25_11_18__21-21-41_24.79,2
Hidrofono 13 del lado del parto,48000Hz13__26_11_18__0-2-10_24.65,0
Hidrofono 13 del lado del parto,48000Hz13__25_11_18__20-26-49_24.85,14
Hidrofono 13 del lado del parto,48000Hz13__25_11_18__22-14-27_24.76,0
Hidrofono 13 del lado del parto,48000Hz13__25_11_18__18-59-35_24.95,19
Hidrofono 13 del lado del parto,48000Hz13__26_11_18__1-52-5_24.57,0
Hidrofono 13 del lado del parto,48000Hz13__25_11_18__17-16-5_24.99,15
Hidrofono 13 del lado del parto,48000Hz13__25_11_18__15-42-47_24.94,4
Hidrofono 13 del lado del parto,48000Hz13__25_11_18__13-47-12_24.67,29
Hidrofono 13 del lado del parto,48000Hz13__25_11_18__13-39-5_24.66,17
Hidrofono 13 del lado del parto,48000Hz13__26_11_18__10-49-59_24.76,21
Hidrofono 13 del lado del parto,48000Hz13__25_11_18__19-15-48_24.92,14
Hidrofono 13 del lado del parto,48000Hz13__26_11_18__1-11-18_24.61,1
Hidrofono 13 del lado del parto,48000Hz13__25_11_18__19-44-13_24.90,12
Hidrofono 13 del lado del parto,48000Hz13__25_11_18__16-9-9_24.95,3
Hidrofono 13 del lado del parto,48000Hz13__25_11_18__13-22-52_24.63,72
Hidrofono 13 del lado del parto,48000Hz13__25_11_18__16-35-31_24.97,8
Hidrofono 13 del lado del parto,48000Hz13__26_11_18__0-38-46_24.63,1
Hidrofono 13 del lado del parto,48000Hz13__26_11_18__10-23-29_24.69,14
Hidrofono 13 del lado del parto,48000Hz13__25_11_18__23-15-28_24.70,1
Hidrofono 13 del lado del parto,48000Hz13__25_11_18__15-16-25_24.86,7
Hidrofono 13 del lado del parto,48000Hz13__25_11_18__16-51-45_24.97,8
Hidrofono 13 del lado del parto,48000Hz13__25_11_18__12-52-27_24.79,21
Hidrofono 13 del lado del parto,48000Hz13__25_11_18__17-54-38_24.99,10
Hidrofono 13 del lado del parto,48000Hz13__26_11_18__11-16-28_24.84,7
Hidrofono 13 del lado del parto,48000Hz13__25_11_18__14-23-42_24.76,2
Hidrofono 13 del lado del parto,48000Hz13__25_11_18__21-27-46_24.79,2
Hidrofono 13 del lado del parto,48000Hz13__25_11_18__20-39-0_24.83,6
Hidrofono 13 del lado del parto,48000Hz13__25_11_18__23-52-0_24.67,0
Hidrofono 13 del lado del parto,48000Hz13__25_11_18__18-43-19_24.96,6
Hidrofono 13 del lado del parto,48000Hz13__26_11_18__1-37-51_24.61,2
Hidrofono 13 del lado del parto,48000Hz13__25_11_18__18-8-50_24.99,7
Hidrofono 13 del lado del parto,48000Hz13__26_11_18__0-59-6_24.62,3
Hidrofono 13 del lado del parto,48000Hz13__25_11_18__18-37-14_24.97,4
Hidrofono 13 del lado del parto,48000Hz13__25_11_18__20-28-51_24.86,8
Hidrofono 13 del lado del parto,48000Hz13__25_11_18__13-35-2_24.65,34
Hidrofono 13 del lado del parto,48000Hz13__26_11_18__11-14-25_24.82,8
Hidrofono 13 del lado del parto,48000Hz13__26_11_18__10-45-55_24.74,4
Hidrofono 13 del lado del parto,48000Hz13__25_11_18__21-44-0_24.78,0
Hidrofono 13 del lado del parto,48000Hz13__25_11_18__18-14-55_24.99,5
Hidrofono 13 del lado del parto,48000Hz13__26_11_18__10-13-17_24.64,18
Hidrofono 13 del lado del parto,48000Hz13__26_11_18__1-15-22_24.62,1
Hidrofono 13 del lado del parto,48000Hz13__25_11_18__14-46-0_24.84,5
Hidrofono 13 del lado del parto,48000Hz13__25_11_18__14-25-43_24.76,2
Hidrofono 13 del lado del parto,48000Hz13__25_11_18__14-11-32_24.72,3
Hidrofono 13 del lado del parto,48000Hz13__25_11_18__14-54-7_24.82,1
Hidrofono 13 del lado del parto,48000Hz13__26_11_18__0-32-40_24.64,0
Hidrofono 13 del lado del parto,48000Hz13__25_11_18__22-51-4_24.70,0
Hidrofono 13 del lado del parto,48000Hz13__25_11_18__23-37-47_24.66,0
Hidrofono 13 del lado del parto,48000Hz13__26_11_18__10-19-25_24.66,18
Hidrofono 13 del lado del parto,48000Hz13__25_11_18__20-57-16_24.82,24
Hidrofono 13 del lado del parto,48000Hz13__25_11_18__23-1-14_24.70,0
Hidrofono 13 del lado del parto,48000Hz13__25_11_18__16-33-30_24.97,8
Hidrofono 13 del lado del parto,48000Hz13__25_11_18__13-24-53_24.64,52
Hidrofono 13 del lado del parto,48000Hz13__25_11_18__13-55-18_24.69,8
Hidrofono 13 del lado del parto,48000Hz13__25_11_18__21-29-48_24.78,0
Hidrofono 13 del lado del parto,48000Hz13__25_11_18__21-33-52_24.77,1
Hidrofono 13 del lado del parto,48000Hz13__25_11_18__14-39-55_24.81,3
Hidrofono 13 del lado del parto,48000Hz13__26_11_18__0-26-33_24.65,1
Hidrofono 13 del lado del parto,48000Hz13__25_11_18__12-56-30_24.77,9
Hidrofono 13 del lado del parto,48000Hz13__26_11_18__0-46-54_24.65,1
Hidrofono 13 del lado del parto,48000Hz13__25_11_18__15-50-54_24.94,4
Hidrofono 13 del lado del parto,48000Hz13__26_11_18__10-31-38_24.69,11
Hidrofono 13 del lado del parto,48000Hz13__25_11_18__14-31-48_24.79,39
Hidrofono 13 del lado del parto,48000Hz13__25_11_18__23-31-42_24.68,0
Hidrofono 13 del lado del parto,48000Hz13__25_11_18__17-3-55_24.98,26
Hidrofono 13 del lado del parto,48000Hz13__25_11_18__15-12-22_24.84,3
Hidrofono 13 del lado del parto,48000Hz13__26_11_18__1-56-9_24.60,1
Hidrofono 13 del lado del parto,48000Hz13__25_11_18__19-19-52_24.93,32
Hidrofono 13 del lado del parto,48000Hz13__25_11_18__17-30-17_25.0,2
Hidrofono 13 del lado del parto,48000Hz13__25_11_18__21-15-36_24.81,15
Hidrofono 13 del lado del parto,48000Hz13__25_11_18__22-4-18_24.75,2
Hidrofono 13 del lado del parto,48000Hz13__25_11_18__17-58-41_24.99,7
Hidrofono 13 del lado del parto,48000Hz13__25_11_18__20-6-32_24.87,0
Hidrofono 13 del lado del parto,48000Hz13__25_11_18__22-8-22_24.75,1
Hidrofono 13 del lado del parto,48000Hz13__26_11_18__1-23-34_24.62,1
Hidrofono 13 del lado del parto,48000Hz13__25_11_18__21-58-13_24.78,1
Hidrofono 13 del lado del parto,48000Hz13__25_11_18__15-2-14_24.83,2
Hidrofono 13 del lado del parto,48000Hz13__25_11_18__17-34-21_24.99,2
Hidrofono 13 del lado del parto,48000Hz13__25_11_18__14-35-52_24.80,41
Hidrofono 13 del lado del parto,48000Hz13__25_11_18__19-27-59_24.91,20
Hidrofono 13 del lado del parto,48000Hz13__25_11_18__18-47-23_24.95,7
Hidrofono 13 del lado del parto,48000Hz13__26_11_18__10-3-3_24.65,10
Hidrofono 13 del lado del parto,48000Hz13__25_11_18__22-24-39_24.75,10
Hidrofono 13 del lado del parto,48000Hz13__25_11_18__12-50-25_24.80,23
Hidrofono 13 del lado del parto,48000Hz13__25_11_18__19-52-20_24.89,14
Hidrofono 13 del lado del parto,48000Hz13__25_11_18__22-2-16_24.76,0
Hidrofono 13 del lado del parto,48000Hz13__26_11_18__0-40-48_24.64,2
Hidrofono 13 del lado del parto,48000Hz13__26_11_18__1-41-55_24.58,0
Hidrofono 13 del lado del parto,48000Hz13__25_11_18__15-38-44_24.93,2
Hidrofono 13 del lado del parto,48000Hz13__25_11_18__21-7-24_24.81,31
Hidrofono 13 del lado del parto,48000Hz13__25_11_18__17-32-19_24.99,1
Hidrofono 13 del lado del parto,48000Hz13__25_11_18__13-30-58_24.64,53
Hidrofono 13 del lado del parto,48000Hz13__26_11_18__1-17-24_24.61,0
Hidrofono 13 del lado del parto,48000Hz13__25_11_18__15-32-39_24.89,9
Hidrofono 13 del lado del parto,48000Hz13__25_11_18__20-14-39_24.86,16
Hidrofono 13 del lado del parto,48000Hz13__25_11_18__22-47-0_24.74,2
Hidrofono 13 del lado del parto,48000Hz13__25_11_18__13-37-3_24.64,38
Hidrofono 13 del lado del parto,48000Hz13__25_11_18__22-55-7_24.72,0
Hidrofono 13 del lado del parto,48000Hz13__25_11_18__23-45-54_24.69,1
Hidrofono 13 del lado del parto,48000Hz13__25_11_18__13-14-45_24.65,11
Hidrofono 13 del lado del parto,48000Hz13__25_11_18__15-36-42_24.91,3
Hidrofono 13 del lado del parto,48000Hz13__25_11_18__16-43-38_25.0,16
Hidrofono 13 del lado del parto,48000Hz13__25_11_18__23-9-21_24.70,0
Hidrofono 13 del lado del parto,48000Hz13__25_11_18__16-27-25_24.97,20
Hidrofono 13 del lado del parto,48000Hz13__25_11_18__22-20-36_24.74,1
Hidrofono 13 del lado del parto,48000Hz13__25_11_18__23-25-36_24.68,0
Hidrofono 13 del lado del parto,48000Hz13__26_11_18__0-55-2_24.61,1
Hidrofono 13 del lado del parto,48000Hz13__25_11_18__19-58-25_24.87,0
Hidrofono 13 del lado del parto,48000Hz13__25_11_18__20-53-12_24.81,6
Hidrofono 13 del lado del parto,48000Hz13__26_11_18__1-50-3_24.57,0
Hidrofono 13 del lado del parto,48000Hz13__26_11_18__10-43-53_24.75,7
Hidrofono 13 del lado del parto,48000Hz13__25_11_18__14-19-38_24.74,8
Hidrofono 13 del lado del parto,48000Hz13__25_11_18__20-20-44_24.86,43
Hidrofono 13 del lado del parto,48000Hz13__25_11_18__16-5-6_24.95,5
Hidrofono 13 del lado del parto,48000Hz13__25_11_18__16-19-18_24.97,8
Hidrofono 13 del lado del parto,48000Hz13__25_11_18__23-5-17_24.69,0
Hidrofono 13 del lado del parto,48000Hz13__26_11_18__11-12-23_24.84,34
Hidrofono 13 del lado del parto,48000Hz13__25_11_18__16-39-35_24.98,5
Hidrofono 13 del lado del parto,48000Hz13__25_11_18__16-13-13_24.95,7
Hidrofono 13 del lado del parto,48000Hz13__25_11_18__20-41-2_24.84,12
Hidrofono 13 del lado del parto,48000Hz13__25_11_18__21-39-57_24.78,1
Hidrofono 13 del lado del parto,48000Hz13__25_11_18__21-1-19_24.80,44
Hidrofono 13 del lado del parto,48000Hz13__25_11_18__21-13-34_24.81,31
Hidrofono 13 del lado del parto,48000Hz13__26_11_18__1-31-45_24.62,1
Hidrofono 13 del lado del parto,48000Hz13__25_11_18__18-29-7_24.98,5
Hidrofono 13 del lado del parto,48000Hz13__25_11_18__15-20-29_24.89,12
Hidrofono 13 del lado del parto,48000Hz13__26_11_18__10-37-47_24.75,12
Hidrofono 13 del lado del parto,48000Hz13__25_11_18__13-41-7_24.66,5
Hidrofono 13 del lado del parto,48000Hz13__25_11_18__20-0-27_24.90,10
Hidrofono 13 del lado del parto,48000Hz13__25_11_18__19-56-23_24.90,10
Hidrofono 13 del lado del parto,48000Hz13__25_11_18__15-34-41_24.89,2
Hidrofono 13 del lado del parto,48000Hz13__26_11_18__10-1-1_24.64,35
Hidrofono 13 del lado del parto,48000Hz13__25_11_18__21-9-30_24.81,8
Hidrofono 13 del lado del parto,48000Hz13__25_11_18__22-28-43_24.72,0
Hidrofono 13 del lado del parto,48000Hz13__25_11_18__16-59-52_24.99,32
Hidrofono 13 del lado del parto,48000Hz13__25_11_18__22-36-51_24.75,0
Hidrofono 13 del lado del parto,48000Hz13__25_11_18__13-51-15_24.69,5
Hidrofono 13 del lado del parto,48000Hz13__26_11_18__0-34-42_24.63,0
Hidrofono 13 del lado del parto,48000Hz13__26_11_18__1-13-20_24.62,1
Hidrofono 13 del lado del parto,48000Hz13__25_11_18__15-46-51_24.93,1
Hidrofono 13 del lado del parto,48000Hz13__26_11_18__1-48-1_24.58,2
Hidrofono 13 del lado del parto,48000Hz13__25_11_18__21-25-45_24.80,1
Hidrofono 13 del lado del parto,48000Hz13__25_11_18__19-21-54_24.93,8
Hidrofono 13 del lado del parto,48000Hz13__26_11_18__1-33-47_24.60,1
Hidrofono 13 del lado del parto,48000Hz13__25_11_18__21-46-2_24.76,2
Hidrofono 13 del lado del parto,48000Hz13__25_11_18__22-6-20_24.76,1
Hidrofono 13 del lado del parto,48000Hz13__25_11_18__19-11-45_24.93,2
Hidrofono 13 del lado del parto,48000Hz13__26_11_18__10-9-11_24.66,30
Hidrofono 13 del lado del parto,48000Hz13__25_11_18__16-21-19_24.98,13
Hidrofono 13 del lado del parto,48000Hz13__25_11_18__19-34-4_24.91,19
Hidrofono 13 del lado del parto,48000Hz13__25_11_18__19-42-11_24.91,30
Hidrofono 13 del lado del parto,48000Hz13__25_11_18__18-57-33_24.98,11
Hidrofono 13 del lado del parto,48000Hz13__26_11_18__11-24-42_24.89,9
Hidrofono 13 del lado del parto,48000Hz13__25_11_18__19-40-9_24.91,10
Hidrofono 13 del lado del parto,48000Hz13__25_11_18__19-32-2_24.92,33
Hidrofono 13 del lado del parto,48000Hz13__25_11_18__21-41-59_24.78,2
Hidrofono 13 del lado del parto,48000Hz13__25_11_18__13-28-57_24.64,55
Hidrofono 13 del lado del parto,48000Hz13__25_11_18__22-10-23_24.75,0
Hidrofono 13 del lado del parto,48000Hz13__25_11_18__20-43-3_24.82,36
Hidrofono 13 del lado del parto,48000Hz13__25_11_18__23-58-6_24.66,1
Hidrofono 13 del lado del parto,48000Hz13__25_11_18__22-40-55_24.72,13
Hidrofono 13 del lado del parto,48000Hz13__25_11_18__16-11-11_24.96,6
Hidrofono 13 del lado del parto,48000Hz13__25_11_18__12-58-32_24.75,9
Hidrofono 13 del lado del parto,48000Hz13__25_11_18__17-50-35_24.99,3
Hidrofono 13 del lado del parto,48000Hz13__25_11_18__20-4-30_24.90,6
Hidrofono 13 del lado del parto,48000Hz13__25_11_18__18-12-54_25.0,16
Hidrofono 13 del lado del parto,48000Hz13__25_11_18__18-0-43_24.99,11
Hidrofono 13 del lado del parto,48000Hz13__25_11_18__18-23-2_24.97,13
Hidrofono 13 del lado del parto,48000Hz13__25_11_18__19-7-42_24.94,5
Hidrofono 13 del lado del parto,48000Hz13__25_11_18__12-34-10_24.69,8
Hidrofono 13 del lado del parto,48000Hz13__25_11_18__19-1-36_24.98,10
Hidrofono 13 del lado del parto,48000Hz13__25_11_18__23-56-4_24.65,1
Hidrofono 13 del lado del parto,48000Hz13__25_11_18__15-40-46_24.91,0
Hidrofono 13 del lado del parto,48000Hz13__25_11_18__20-51-10_24.83,25
Hidrofono 13 del lado del parto,48000Hz13__25_11_18__21-5-23_24.82,26
Hidrofono 13 del lado del parto,48000Hz13__25_11_18__16-17-16_24.96,9
Hidrofono 13 del lado del parto,48000Hz13__26_11_18__10-11-14_24.66,15
Hidrofono 13 del lado del parto,48000Hz13__25_11_18__16-55-48_24.98,27
Hidrofono 13 del lado del parto,48000Hz13__25_11_18__14-3-25_24.71,16
Hidrofono 13 del lado del parto,48000Hz13__25_11_18__23-23-35_24.69,0
Hidrofono 13 del lado del parto,48000Hz13__25_11_18__20-30-53_24.83,3
Hidrofono 13 del lado del parto,48000Hz13__25_11_18__12-48-23_24.84,49
Hidrofono 13 del lado del parto,48000Hz13__26_11_18__0-50-58_24.61,0
Hidrofono 13 del lado del parto,48000Hz13__26_11_18__0-53-0_24.62,1
Hidrofono 13 del lado del parto,48000Hz13__25_11_18__14-29-47_24.79,25
Hidrofono 13 del lado del parto,48000Hz13__25_11_18__23-43-52_24.67,1
Hidrofono 13 del lado del parto,48000Hz13__26_11_18__10-56-6_24.78,36
Hidrofono 13 del lado del parto,48000Hz13__25_11_18__22-59-12_24.74,1
Hidrofono 13 del lado del parto,48000Hz13__25_11_18__14-15-35_24.75,17
Hidrofono 13 del lado del parto,48000Hz13__25_11_18__17-24-12_24.98,2
Hidrofono 13 del lado del parto,48000Hz13__25_11_18__22-26-41_24.75,0
Hidrofono 13 del lado del parto,48000Hz13__25_11_18__17-52-36_24.98,4
Hidrofono 13 del lado del parto,48000Hz13__25_11_18__13-0-33_24.72,1
Hidrofono 13 del lado del parto,48000Hz13__25_11_18__16-57-50_24.99,6
Hidrofono 13 del lado del parto,48000Hz13__26_11_18__0-30-38_24.65,0
Hidrofono 13 del lado del parto,48000Hz13__25_11_18__21-3-21_24.81,22
Hidrofono 13 del lado del parto,48000Hz13__25_11_18__20-36-58_24.82,14
Hidrofono 13 del lado del parto,48000Hz13__25_11_18__22-0-14_24.77,2
Hidrofono 13 del lado del parto,48000Hz13__26_11_18__10-27-33_24.69,17
Hidrofono 13 del lado del parto,48000Hz13__26_11_18__0-24-31_24.65,1
Hidrofono 13 del lado del parto,48000Hz13__25_11_18__22-32-48_24.72,3
Hidrofono 13 del lado del parto,48000Hz13__25_11_18__18-18-59_24.96,21
Hidrofono 13 del lado del parto,48000Hz13__25_11_18__23-47-56_24.68,0
Hidrofono 13 del lado del parto,48000Hz13__26_11_18__0-6-13_24.64,0
Hidrofono 13 del lado del parto,48000Hz13__25_11_18__13-43-8_24.66,18
Hidrofono 13 del lado del parto,48000Hz13__26_11_18__10-17-22_24.67,15
Hidrofono 13 del lado del parto,48000Hz13__25_11_18__15-52-56_24.93,3
Hidrofono 13 del lado del parto,48000Hz13__25_11_18__18-4-47_24.99,15
Hidrofono 13 del lado del parto,48000Hz13__26_11_18__10-54-4_24.75,64
Hidrofono 13 del lado del parto,48000Hz13__26_11_18__11-28-47_24.90,3
Hidrofono 13 del lado del parto,48000Hz13__25_11_18__22-22-38_24.76,1
Hidrofono 13 del lado del parto,48000Hz13__25_11_18__23-3-16_24.70,0
Hidrofono 13 del lado del parto,48000Hz13__25_11_18__20-55-14_24.82,8
Hidrofono 13 del lado del parto,48000Hz13__26_11_18__1-9-16_24.63,1
Hidrofono 13 del lado del parto,48000Hz13__25_11_18__23-35-45_24.68,0
Hidrofono 13 del lado del parto,48000Hz13__26_11_18__0-10-17_24.65,1
Hidrofono 13 del lado del parto,48000Hz13__26_11_18__10-52-2_24.76,12
Hidrofono 13 del lado del parto,48000Hz13__25_11_18__23-39-49_24.65,0
Hidrofono 13 del lado del parto,48000Hz13__26_11_18__11-18-30_24.84,3
Hidrofono 13 del lado del parto,48000Hz13__25_11_18__15-8-19_24.84,5
Hidrofono 13 del lado del parto,48000Hz13__25_11_18__23-19-31_24.68,1
Hidrofono 13 del lado del parto,48000Hz13__25_11_18__21-31-50_24.79,2
Hidrofono 13 del lado del parto,48000Hz13__25_11_18__13-12-43_24.66,2
Hidrofono 13 del lado del parto,48000Hz13__25_11_18__17-18-7_24.98,0
Hidrofono 13 del lado del parto,48000Hz13__25_11_18__18-55-30_24.97,11
Hidrofono 13 del lado del parto,48000Hz13__26_11_18__1-58-11_24.58,0
Hidrofono 13 del lado del parto,48000Hz13__25_11_18__19-23-55_24.92,8
Hidrofono 13 del lado del parto,48000Hz13__25_11_18__14-58-10_24.83,6
Hidrofono 13 del lado del parto,48000Hz13__25_11_18__22-38-53_24.74,1
Hidrofono 13 del lado del parto,48000Hz13__25_11_18__14-52-5_24.82,1
Hidrofono 13 del lado del parto,48000Hz13__25_11_18__15-28-35_24.89,5
Hidrofono 13 del lado del parto,48000Hz13__25_11_18__23-41-51_24.66,0
Hidrofono 13 del lado del parto,48000Hz13__26_11_18__1-43-57_24.60,3
Hidrofono 13 del lado del parto,48000Hz13__25_11_18__18-31-9_24.98,14
Hidrofono 13 del lado del parto,48000Hz13__26_11_18__1-29-43_24.62,2
Hidrofono 13 del lado del parto,48000Hz13__25_11_18__15-10-20_24.85,2
Hidrofono 13 del lado del parto,48000Hz13__25_11_18__15-24-32_24.89,10
Hidrofono 13 del lado del parto,48000Hz13__25_11_18__19-36-6_24.92,5
Hidrofono 13 del lado del parto,48000Hz13__26_11_18__1-27-38_24.61,0
Hidrofono 13 del lado del parto,48000Hz13__25_11_18__21-37-55_24.78,4
Hidrofono 13 del lado del parto,48000Hz13__25_11_18__17-36-23_24.99,8
Hidrofono 13 del lado del parto,48000Hz13__25_11_18__15-59-1_24.94,5
Hidrofono 13 del lado del parto,48000Hz13__25_11_18__20-47-7_24.82,24
Hidrofono 13 del lado del parto,48000Hz13__25_11_18__15-30-37_24.90,4
Hidrofono 13 del lado del parto,48000Hz13__25_11_18__15-44-49_24.92,2
Hidrofono 13 del lado del parto,48000Hz13__25_11_18__20-10-35_24.85,5
Hidrofono 13 del lado del parto,48000Hz13__25_11_18__20-16-41_24.89,5
Hidrofono 13 del lado del parto,48000Hz13__26_11_18__0-18-25_24.65,2
Hidrofono 13 del lado del parto,48000Hz13__26_11_18__1-45-59_24.63,1
Hidrofono 13 del lado del parto,48000Hz13__25_11_18__17-44-29_24.99,7
Hidrofono 13 del lado del parto,48000Hz13__26_11_18__11-30-49_24.91,9
Hidrofono 13 del lado del parto,48000Hz13__25_11_18__22-30-45_24.72,2
Hidrofono 13 del lado del parto,48000Hz13__25_11_18__12-38-15_24.84,4
Hidrofono 13 del lado del parto,48000Hz13__25_11_18__21-54-9_24.77,1
Hidrofono 13 del lado del parto,48000Hz13__25_11_18__13-49-13_24.67,54
Hidrofono 13 del lado del parto,48000Hz13__25_11_18__18-27-6_24.97,3
Hidrofono 13 del lado del parto,48000Hz13__25_11_18__13-18-48_24.65,23
Hidrofono 13 del lado del parto,48000Hz13__25_11_18__13-2-35_24.71,14
Hidrofono 13 del lado del parto,48000Hz13__26_11_18__10-47-57_24.75,10
Hidrofono 13 del lado del parto,48000Hz13__25_11_18__17-12-2_24.98,20
Hidrofono 13 del lado del parto,48000Hz13__26_11_18__11-26-45_24.87,3
Hidrofono 13 del lado del parto,48000Hz13__25_11_18__18-6-48_25.0,11
Hidrofono 13 del lado del parto,48000Hz13__25_11_18__20-2-28_24.87,9
Hidrofono 13 del lado del parto,48000Hz13__26_11_18__10-33-41_24.72,15
Hidrofono 13 del lado del parto,48000Hz13__25_11_18__23-49-58_24.66,1
Hidrofono 13 del lado del parto,48000Hz13__26_11_18__1-21-32_24.62,1
Hidrofono 13 del lado del parto,48000Hz13__25_11_18__13-26-55_24.62,31
Hidrofono 13 del lado del parto,48000Hz13__25_11_18__14-17-37_24.76,3
Hidrofono 13 del lado del parto,48000Hz13__25_11_18__19-54-22_24.91,1
Hidrofono 13 del lado del parto,48000Hz13__25_11_18__18-53-28_24.96,1
Hidrofono 13 del lado del parto,48000Hz13__26_11_18__10-5-5_24.64,1
Hidrofono 13 del lado del parto,48000Hz13__25_11_18__17-42-28_24.99,7
Hidrofono 13 del lado del parto,48000Hz13__25_11_18__15-6-17_24.83,6
Hidrofono 13 del lado del parto,48000Hz13__25_11_18__21-23-43_24.79,1
Hidrofono 13 del lado del parto,48000Hz13__26_11_18__1-54-7_24.58,3
Hidrofono 13 del lado del parto,48000Hz13__26_11_18__0-22-29_24.64,0
Hidrofono 13 del lado del parto,48000Hz13__25_11_18__16-53-47_24.98,12
Hidrofono 13 del lado del parto,48000Hz13__25_11_18__16-37-33_24.98,5
Hidrofono 13 del lado del parto,48000Hz13__25_11_18__16-1-2_24.93,4
Hidrofono 13 del lado del parto,48000Hz13__26_11_18__1-3-10_24.62,2
Hidrofono 13 del lado del parto,48000Hz13__25_11_18__19-3-38_24.95,17
Hidrofono 13 del lado del parto,48000Hz13__25_11_18__17-46-31_25.0,1
Hidrofono 13 del lado del parto,48000Hz13__25_11_18__18-33-11_24.96,10
Hidrofono 13 del lado del parto,48000Hz13__25_11_18__15-54-57_24.94,0
Hidrofono 13 del lado del parto,48000Hz13__26_11_18__1-19-27_24.61,1
Hidrofono 13 del lado del parto,48000Hz13__25_11_18__15-0-12_24.82,3
Hidrofono 13 del lado del parto,48000Hz13__25_11_18__17-38-24_25.0,4
Hidrofono 13 del lado del parto,48000Hz13__25_11_18__17-56-40_24.98,0
Hidrofono 13 del lado del parto,48000Hz13__25_11_18__18-16-57_24.97,27
Hidrofono 13 del lado del parto,48000Hz13__25_11_18__14-27-45_24.76,4
Hidrofono 13 del lado del parto,48000Hz13__25_11_18__13-45-10_24.66,14
Hidrofono 13 del lado del parto,48000Hz13__26_11_18__10-21-27_24.70,17
Hidrofono 13 del lado del parto,48000Hz13__25_11_18__20-59-17_24.82,22
Hidrofono 13 del lado del parto,48000Hz13__25_11_18__14-48-2_24.83,2
Hidrofono 13 del lado del parto,48000Hz13__25_11_18__16-47-42_25.0,12
Hidrofono 13 del lado del parto,48000Hz13__25_11_18__22-18-34_24.77,2
Hidrofono 13 del lado del parto,48000Hz13__25_11_18__14-21-40_24.76,3
Hidrofono 13 del lado del parto,48000Hz13__25_11_18__22-34-50_24.72,0
Hidrofono 13 del lado del parto,48000Hz13__25_11_18__23-33-44_24.66,1
Hidrofono 13 del lado del parto,48000Hz13__25_11_18__23-11-23_24.69,1
Hidrofono 13 del lado del parto,48000Hz13__26_11_18__0-44-52_24.62,2
Hidrofono 13 del lado del parto,48000Hz13__25_11_18__18-10-52_24.99,12
Hidrofono 13 del lado del parto,48000Hz13__25_11_18__17-1-53_24.98,46
Hidrofono 13 del lado del parto,48000Hz13__25_11_18__20-12-37_24.86,4
Hidrofono 13 del lado del parto,48000Hz13__25_11_18__13-20-50_24.64,67
Hidrofono 13 del lado del parto,48000Hz13__25_11_18__13-33-0_24.64,34
Hidrofono 13 del lado del parto,48000Hz13__25_11_18__16-23-21_24.98,3
Hidrofono 13 del lado del parto,48000Hz13__25_11_18__17-22-11_24.99,5
Hidrofono 13 del lado del parto,48000Hz13__25_11_18__22-49-2_24.72,2
Hidrofono 13 del lado del parto,48000Hz13__25_11_18__23-29-40_24.69,1
Hidrofono 13 del lado del parto,48000Hz13__25_11_18__18-39-16_24.97,4
Hidrofono 13 del lado del parto,48000Hz13__25_11_18__12-54-28_24.79,6
Hidrofono 13 del lado del parto,48000Hz13__25_11_18__21-17-37_24.80,0
Hidrofono 13 del lado del parto,48000Hz13__25_11_18__21-52-7_24.78,1
Hidrofono 13 del lado del parto,48000Hz13__25_11_18__19-30-1_24.91,6
Hidrofono 13 del lado del parto,48000Hz13__25_11_18__12-40-17_24.89,20
Hidrofono 13 del lado del parto,48000Hz13__25_11_18__14-33-50_24.79,40
Hidrofono 13 del lado del parto,48000Hz13__25_11_18__14-13-33_24.75,10
Hidrofono 13 del lado del parto,48000Hz13__26_11_18__0-14-21_24.64,2
Hidrofono 13 del lado del parto,48000Hz13__25_11_18__16-49-43_24.98,20
Hidrofono 13 del lado del parto,48000Hz13__25_11_18__14-50-3_24.84,5
Hidrofono 13 del lado del parto,48000Hz13__25_11_18__16-25-23_24.96,8
Hidrofono 13 del lado del parto,48000Hz13__25_11_18__12-42-18_24.87,33
Hidrofono 13 del lado del parto,48000Hz13__25_11_18__22-53-6_24.72,0
Hidrofono 13 del lado del parto,48000Hz13__25_11_18__22-16-32_24.75,3
Hidrofono 13 del lado del parto,48000Hz13__25_11_18__20-34-56_24.84,21
Hidrofono 13 del lado del parto,48000Hz13__25_11_18__22-57-10_24.71,1
Hidrofono 13 del lado del parto,48000Hz13__25_11_18__12-44-20_24.89,4
Hidrofono 13 del lado del parto,48000Hz13__25_11_18__19-5-40_24.95,13
Hidrofono 13 del lado del parto,48000Hz13__26_11_18__0-36-44_24.64,0
Hidrofono 13 del lado del parto,48000Hz13__26_11_18__10-29-36_24.71,8
Hidrofono 13 del lado del parto,48000Hz13__26_11_18__0-12-19_24.64,1
Hidrofono 13 del lado del parto,48000Hz13__26_11_18__1-7-14_24.61,2
Hidrofono 13 del lado del parto,48000Hz13__25_11_18__16-31-28_24.99,4
Hidrofono 13 del lado del parto,48000Hz13__25_11_18__21-11-32_24.80,15
Hidrofono 13 del lado del parto,48000Hz13__25_11_18__17-10-0_24.99,17
Hidrofono 13 del lado del parto,48000Hz13__25_11_18__12-30-7_23.64,9
Hidrofono 13 del lado del parto,48000Hz13__25_11_18__21-48-4_24.76,1
Hidrofono 13 del lado del parto,48000Hz13__25_11_18__19-13-47_24.94,10
Hidrofono 13 del lado del parto,48000Hz13__26_11_18__10-7-7_24.64,13
Hidrofono 13 del lado del parto,48000Hz13__26_11_18__1-5-12_24.62,2
Hidrofono 13 del lado del parto,48000Hz13__26_11_18__1-25-36_24.60,1
Hidrofono 13 del lado del parto,48000Hz13__26_11_18__11-22-39_24.85,5
Hidrofono 13 del lado del parto,48000Hz13__25_11_18__13-59-22_24.70,12
Hidrofono 13 del lado del parto,48000Hz13__25_11_18__20-8-34_24.87,3
Hidrofono 13 del lado del parto,48000Hz13__25_11_18__14-37-53_24.80,3
Hidrofono 13 del lado del parto,48000Hz13__25_11_18__22-42-57_24.74,21
Hidrofono 13 del lado del parto,48000Hz13__25_11_18__13-8-40_24.68,10
Hidrofono 13 del lado del parto,48000Hz13__25_11_18__12-32-9_24.49,18
Hidrofono 13 del lado del parto,48000Hz13__25_11_18__18-49-25_24.95,3
Hidrofono 13 del lado del parto,48000Hz13__26_11_18__11-0-10_24.79,28
Hidrofono 13 del lado del parto,48000Hz13__25_11_18__16-15-14_24.96,4
Hidrofono 13 del lado del parto,48000Hz13__26_11_18__1-39-53_24.60,0
Hidrofono 13 del lado del parto,48000Hz13__26_11_18__0-42-50_24.64,0
Hidrofono 13 del lado del parto,48000Hz13__25_11_18__16-7-8_24.94,2
Hidrofono 13 del lado del parto,48000Hz13__25_11_18__18-35-13_24.97,6
Hidrofono 13 del lado del parto,48000Hz13__25_11_18__17-28-16_24.99,4
Hidrofono 13 del lado del parto,48000Hz13__25_11_18__16-29-26_24.98,6
Hidrofono 13 del lado del parto,48000Hz13__25_11_18__15-18-27_24.89,7
Hidrofono 13 del lado del parto,48000Hz13__26_11_18__10-25-31_24.70,14
Hidrofono 13 del lado del parto,48000Hz13__25_11_18__17-5-57_25.0,17
Hidrofono 13 del lado del parto,48000Hz13__25_11_18__23-13-25_24.70,0
Hidrofono 13 del lado del parto,48000Hz13__26_11_18__0-28-35_24.64,0
Hidrofono 13 del lado del parto,48000Hz13__26_11_18__11-20-34_24.83,2
Hidrofono 13 del lado del parto,48000Hz13__26_11_18__10-35-43_24.75,14
Hidrofono 13 del lado del parto,48000Hz13__25_11_18__15-26-34_24.91,10
Hidrofono 13 del lado del parto,48000Hz13__25_11_18__19-48-16_24.89,6
Hidrofono 13 del lado del parto,48000Hz13__25_11_18__19-50-18_24.89,8
Hidrofono 13 del lado del parto,48000Hz13__25_11_18__20-45-5_24.82,21
Hidrofono 13 del lado del parto,48000Hz13__25_11_18__12-36-13_24.81,8
Hidrofono 13 del lado del parto,48000Hz13__25_11_18__14-43-58_24.80,2
Hidrofono 13 del lado del parto,48000Hz13__25_11_18__13-10-42_24.65,4
Hidrofono 13 del lado del parto,48000Hz13__25_11_18__21-19-39_24.80,1
Hidrofono 13 del lado del parto,48000Hz13__25_11_18__14-41-57_24.80,1
Hidrofono 13 del lado del parto,48000Hz13__26_11_18__11-10-21_24.83,54
Hidrofono 13 del lado del parto,48000Hz13__26_11_18__0-48-56_24.64,1
Hidrofono 13 del lado del parto,48000Hz13__26_11_18__10-41-51_24.72,24
Hidrofono 13 del lado del parto,48000Hz13__25_11_18__15-22-30_24.89,5
Hidrofono 13 del lado del parto,48000Hz13__25_11_18__22-12-25_24.74,1
Hidrofono 13 del lado del parto,48000Hz13__25_11_18__21-56-11_24.78,2
Hidrofono 13 del lado del parto,48000Hz13__25_11_18__23-54-3_24.66,1
Hidrofono 13 del lado del parto,48000Hz13__25_11_18__13-57-20_24.68,14
Hidrofono 13 del lado del parto,48000Hz13__25_11_18__13-16-47_24.65,7
Hidrofono 13 del lado del parto,48000Hz13__25_11_18__16-45-40_24.99,13
Hidrofono 13 del lado del parto,48000Hz13__25_11_18__18-41-18_24.99,3
Hidrofono 13 del lado del parto,48000Hz13__25_11_18__16-3-4_24.93,6
Hidrofono 13 del lado del parto,48000Hz13__25_11_18__23-7-19_24.70,1
Hidrofono 13 del lado del parto,48000Hz13__25_11_18__14-1-23_24.71,7
Hidrofono 13 del lado del parto,48000Hz13__25_11_18__18-2-45_24.98,3
Hidrofono 13 del lado del parto,48000Hz13__25_11_18__17-40-26_24.98,6
Hidrofono 13 del lado del parto,48000Hz13__25_11_18__20-22-46_24.87,22
Hidrofono 13 del lado del parto,48000Hz13__25_11_18__21-50-6_24.78,1
Hidrofono 13 del lado del parto,48000Hz13__25_11_18__14-56-8_24.82,7
Hidrofono 13 del lado del parto,48000Hz13__25_11_18__20-49-9_24.82,13
Hidrofono 13 del lado del parto,48000Hz13__25_11_18__13-53-17_24.69,11
Hidrofono 13 del lado del parto,48000Hz13__26_11_18__0-16-23_24.66,0
Hidrofono 13 del lado del parto,48000Hz13__25_11_18__18-25-4_24.98,0
Hidrofono 13 del lado del parto,48000Hz13__25_11_18__15-14-24_24.86,1
Hidrofono 13 del lado del parto,48000Hz13__25_11_18__19-9-43_24.95,9
Hidrofono 13 del lado del parto,48000Hz13__26_11_18__1-35-49_24.61,1
Hidrofono 13 del lado del parto,48000Hz13__26_11_18__11-2-12_24.80,35
Hidrofono 13 del lado del parto,48000Hz13__25_11_18__19-17-50_24.94,2
Hidrofono 13 del lado del parto,48000Hz13__25_11_18__15-56-59_24.95,1
Hidrofono 13 del lado del parto,48000Hz13__25_11_18__18-51-26_24.96,10
Hidrofono 13 del lado del parto,48000Hz13__26_11_18__0-8-15_24.66,1
Hidrofono 13 del lado del parto,48000Hz13__25_11_18__16-41-36_25.0,5
Hidrofono 13 del lado del parto,48000Hz13__25_11_18__20-32-55_24.85,16
Hidrofono 13 del lado del parto,48000Hz13__25_11_18__15-48-52_24.92,0
Hidrofono 13 del lado del parto,48000Hz13__25_11_18__17-20-9_24.98,5
Hidrofono 13 del lado del parto,48000Hz13__25_11_18__20-24-48_24.84,19
Hidrofono 13 del lado del parto,48000Hz13__25_11_18__19-25-57_24.93,28
Hidrofono 13 del lado del parto,48000Hz13__26_11_18__0-0-8_24.66,5
Hidrofono 13 del lado del parto,48000Hz13__26_11_18__10-39-49_24.76,9
Hidrofono 13 del lado del parto,48000Hz13__25_11_18__23-21-33_24.68,0
Hidrofono 13 del lado del parto,48000Hz13__26_11_18__0-20-27_24.64,0
Hidrofono 13 del lado del parto,48000Hz13__25_11_18__12-46-22_24.82,17
Hidrofono 13 del lado del parto,48000Hz13__25_11_18__17-7-59_25.2,14
Hidrofono 13 del lado del parto,48000Hz13__26_11_18__0-4-12_24.66,0
Hidrofono 13 del lado del parto,48000Hz13__25_11_18__17-48-33_25.1,2
Hidrofono 13 del lado del parto,48000Hz13__25_11_18__19-38-8_24.92,17
Hidrofono 16,48000Hz16__25_11_18__23-5-13_24.68,1
Hidrofono 16,48000Hz16__25_11_18__20-20-52_24.85,44
Hidrofono 16,48000Hz16__25_11_18__13-31-31_24.60,59
Hidrofono 16,48000Hz16__25_11_18__14-48-30_24.81,0
Hidrofono 16,48000Hz16__25_11_18__13-57-51_24.66,20
Hidrofono 16,48000Hz16__26_11_18__0-12-9_24.60,2
Hidrofono 16,48000Hz16__25_11_18__16-21-42_25.6,5
Hidrofono 16,48000Hz16__25_11_18__13-37-36_24.61,30
Hidrofono 16,48000Hz16__25_11_18__18-49-40_24.99,12
Hidrofono 16,48000Hz16__25_11_18__12-32-47_24.25,5
Hidrofono 16,48000Hz16__25_11_18__22-2-17_24.76,0
Hidrofono 16,48000Hz16__25_11_18__21-29-52_24.77,1
Hidrofono 16,48000Hz16__25_11_18__22-8-21_24.74,0
Hidrofono 16,48000Hz16__25_11_18__23-19-26_24.67,1
Hidrofono 16,48000Hz16__25_11_18__18-53-43_24.98,7
Hidrofono 16,48000Hz16__25_11_18__20-22-54_24.87,27
Hidrofono 16,48000Hz16__25_11_18__14-14-2_24.68,1
Hidrofono 16,48000Hz16__25_11_18__18-45-37_25.2,11
Hidrofono 16,48000Hz16__25_11_18__17-28-38_25.5,1
Hidrofono 16,48000Hz16__25_11_18__20-26-57_24.85,16
Hidrofono 16,48000Hz16__26_11_18__0-32-30_24.58,0
Hidrofono 16,48000Hz16__25_11_18__20-0-36_24.87,8
Hidrofono 16,48000Hz16__25_11_18__20-12-45_24.89,5
Hidrofono 16,48000Hz16__25_11_18__19-40-21_24.90,16
Hidrofono 16,48000Hz16__26_11_18__1-57-50_24.51,0
Hidrofono 16,48000Hz16__25_11_18__21-11-36_24.78,7
Hidrofono 16,48000Hz16__25_11_18__15-2-40_24.87,0
Hidrofono 16,48000Hz16__26_11_18__10-15-3_24.60,19
Hidrofono 16,48000Hz16__25_11_18__16-17-39_25.8,7
Hidrofono 16,48000Hz16__26_11_18__11-10-5_24.80,21
Hidrofono 16,48000Hz16__26_11_18__0-40-38_24.56,1
Hidrofono 16,48000Hz16__26_11_18__1-47-41_24.52,2
Hidrofono 16,48000Hz16__25_11_18__19-46-26_24.91,14
Hidrofono 16,48000Hz16__25_11_18__15-6-43_24.85,0
Hidrofono 16,48000Hz16__25_11_18__17-30-39_25.2,0
Hidrofono 16,48000Hz16__25_11_18__18-13-10_25.4,15
Hidrofono 16,48000Hz16__25_11_18__22-57-6_24.68,0
Hidrofono 16,48000Hz16__25_11_18__13-9-13_24.60,7
Hidrofono 16,48000Hz16__25_11_18__23-47-48_24.63,3
Hidrofono 16,48000Hz16__25_11_18__22-44-54_24.71,0
Hidrofono 16,48000Hz16__26_11_18__11-16-12_24.79,8
Hidrofono 16,48000Hz16__25_11_18__23-9-16_24.68,2
Hidrofono 16,48000Hz16__25_11_18__23-41-44_24.61,1
Hidrofono 16,48000Hz16__25_11_18__22-40-49_24.69,18
Hidrofono 16,48000Hz16__26_11_18__10-33-24_24.65,18
Hidrofono 16,48000Hz16__25_11_18__18-55-44_24.98,11
Hidrofono 16,48000Hz16__25_11_18__14-52-33_24.81,2
Hidrofono 16,48000Hz16__26_11_18__0-44-41_24.55,2
Hidrofono 16,48000Hz16__25_11_18__18-29-25_25.2,6
Hidrofono 16,48000Hz16__25_11_18__23-45-47_24.64,0
Hidrofono 16,48000Hz16__26_11_18__10-8-56_24.57,32
Hidrofono 16,48000Hz16__25_11_18__21-21-46_24.78,1
Hidrofono 16,48000Hz16__26_11_18__11-3-57_24.79,4
Hidrofono 16,48000Hz16__25_11_18__22-55-3_24.68,2
Hidrofono 16,48000Hz16__26_11_18__1-13-9_24.55,1
Hidrofono 16,48000Hz16__25_11_18__16-11-34_25.2,1
Hidrofono 16,48000Hz16__25_11_18__13-13-15_24.61,2
Hidrofono 16,48000Hz16__25_11_18__17-48-53_25.4,0
Hidrofono 16,48000Hz16__25_11_18__14-32-15_24.75,56
Hidrofono 16,48000Hz16__25_11_18__18-7-6_25.4,18
Hidrofono 16,48000Hz16__25_11_18__20-18-51_24.85,3
Hidrofono 16,48000Hz16__25_11_18__23-31-36_24.65,1
Hidrofono 16,48000Hz16__25_11_18__18-39-32_25.2,16
Hidrofono 16,48000Hz16__25_11_18__19-44-24_24.93,10
Hidrofono 16,48000Hz16__26_11_18__1-39-32_24.53,0
Hidrofono 16,48000Hz16__25_11_18__16-27-46_25.9,21
Hidrofono 16,48000Hz16__25_11_18__20-16-49_24.87,4
Hidrofono 16,48000Hz16__25_11_18__20-47-12_24.82,22
Hidrofono 16,48000Hz16__26_11_18__1-43-37_24.52,0
Hidrofono 16,48000Hz16__26_11_18__10-49-43_24.70,12
Hidrofono 16,48000Hz16__25_11_18__20-24-55_24.86,18
Hidrofono 16,48000Hz16__25_11_18__13-47-44_24.63,36
Hidrofono 16,48000Hz16__25_11_18__15-8-44_24.86,2
Hidrofono 16,48000Hz16__25_11_18__19-5-52_24.95,20
Hidrofono 16,48000Hz16__26_11_18__10-27-16_24.64,17
Hidrofono 16,48000Hz16__26_11_18__0-46-43_24.57,0
Hidrofono 16,48000Hz16__26_11_18__0-38-36_24.57,0
Hidrofono 16,48000Hz16__25_11_18__14-3-55_24.66,12
Hidrofono 16,48000Hz16__25_11_18__15-0-38_24.83,0
Hidrofono 16,48000Hz16__25_11_18__18-9-7_25.4,8
Hidrofono 16,48000Hz16__25_11_18__19-9-55_24.95,10
Hidrofono 16,48000Hz16__25_11_18__22-0-15_24.75,2
Hidrofono 16,48000Hz16__25_11_18__20-33-2_24.83,16
Hidrofono 16,48000Hz16__25_11_18__13-27-28_24.60,43
Hidrofono 16,48000Hz16__25_11_18__13-1-7_24.62,3
Hidrofono 16,48000Hz16__26_11_18__0-8-5_24.61,0
Hidrofono 16,48000Hz16__26_11_18__1-45-39_24.51,0
Hidrofono 16,48000Hz16__25_11_18__22-48-57_24.70,1
Hidrofono 16,48000Hz16__25_11_18__12-48-58_24.63,37
Hidrofono 16,48000Hz16__25_11_18__19-18-1_24.96,6
Hidrofono 16,48000Hz16__25_11_18__16-50-3_25.1,16
Hidrofono 16,48000Hz16__25_11_18__19-22-4_24.94,17
Hidrofono 16,48000Hz16__26_11_18__10-35-27_24.65,21
Hidrofono 16,48000Hz16__25_11_18__22-38-47_24.69,2
Hidrofono 16,48000Hz16__25_11_18__23-21-27_24.67,2
Hidrofono 16,48000Hz16__25_11_18__21-44-3_24.76,0
Hidrofono 16,48000Hz16__25_11_18__16-43-59_25.11,9
Hidrofono 16,48000Hz16__25_11_18__18-41-34_25.2,11
Hidrofono 16,48000Hz16__25_11_18__13-41-39_24.62,12
Hidrofono 16,48000Hz16__25_11_18__13-5-10_24.57,9
Hidrofono 16,48000Hz16__25_11_18__19-30-14_24.94,8
Hidrofono 16,48000Hz16__25_11_18__17-16-26_25.6,1
Hidrofono 16,48000Hz16__25_11_18__18-59-47_24.97,23
Hidrofono 16,48000Hz16__25_11_18__13-39-38_24.58,12
Hidrofono 16,48000Hz16__26_11_18__1-37-31_24.51,3
Hidrofono 16,48000Hz16__25_11_18__15-51-20_24.98,0
Hidrofono 16,48000Hz16__26_11_18__0-26-24_24.58,1
Hidrofono 16,48000Hz16__25_11_18__23-27-32_24.65,2
Hidrofono 16,48000Hz16__25_11_18__15-24-59_24.89,8
Hidrofono 16,48000Hz16__25_11_18__17-44-50_25.4,5
Hidrofono 16,48000Hz16__26_11_18__11-12-6_24.80,21
Hidrofono 16,48000Hz16__25_11_18__21-33-55_24.76,1
Hidrofono 16,48000Hz16__25_11_18__14-50-31_24.82,0
Hidrofono 16,48000Hz16__26_11_18__1-27-22_24.53,2
Hidrofono 16,48000Hz16__26_11_18__10-39-32_24.68,24
Hidrofono 16,48000Hz16__25_11_18__14-1-54_24.65,2
Hidrofono 16,48000Hz16__25_11_18__22-4-18_24.74,1
Hidrofono 16,48000Hz16__25_11_18__14-28-13_24.74,3
Hidrofono 16,48000Hz16__25_11_18__23-59-59_24.62,0
Hidrofono 16,48000Hz16__25_11_18__19-56-33_24.87,10
Hidrofono 16,48000Hz16__25_11_18__16-48-2_25.7,12
Hidrofono 16,48000Hz16__26_11_18__10-4-49_24.57,13
Hidrofono 16,48000Hz16__25_11_18__13-51-47_24.63,5
Hidrofono 16,48000Hz16__25_11_18__23-35-39_24.65,0
Hidrofono 16,48000Hz16__25_11_18__19-26-9_24.95,30
Hidrofono 16,48000Hz16__25_11_18__22-30-41_24.70,4
Hidrofono 16,48000Hz16__25_11_18__21-17-43_24.80,0
Hidrofono 16,48000Hz16__25_11_18__12-34-48_24.45,4
Hidrofono 16,48000Hz16__25_11_18__15-43-14_24.97,1
Hidrofono 16,48000Hz16__25_11_18__18-31-26_25.1,21
Hidrofono 16,48000Hz16__25_11_18__21-42-2_24.75,1
Hidrofono 16,48000Hz16__25_11_18__16-19-40_25.7,4
Hidrofono 16,48000Hz16__25_11_18__17-52-56_25.7,3
Hidrofono 16,48000Hz16__26_11_18__1-9-5_24.56,0
Hidrofono 16,48000Hz16__25_11_18__15-29-2_24.91,3
Hidrofono 16,48000Hz16__25_11_18__12-53-1_24.63,9
Hidrofono 16,48000Hz16__26_11_18__1-17-12_24.55,0
Hidrofono 16,48000Hz16__26_11_18__10-31-21_24.66,15
Hidrofono 16,48000Hz16__25_11_18__15-41-12_24.95,1
Hidrofono 16,48000Hz16__25_11_18__13-17-18_24.58,13
Hidrofono 16,48000Hz16__25_11_18__18-21-18_25.4,9
Hidrofono 16,48000Hz16__26_11_18__0-56-55_24.55,2
Hidrofono 16,48000Hz16__25_11_18__20-57-20_24.80,16
Hidrofono 16,48000Hz16__25_11_18__12-36-50_24.53,1
Hidrofono 16,48000Hz16__25_11_18__14-44-24_24.79,2
Hidrofono 16,48000Hz16__26_11_18__10-19-7_24.64,27
Hidrofono 16,48000Hz16__25_11_18__19-7-53_24.97,7
Hidrofono 16,48000Hz16__26_11_18__1-35-29_24.52,1
Hidrofono 16,48000Hz16__25_11_18__22-46-56_24.67,0
Hidrofono 16,48000Hz16__25_11_18__23-15-22_24.66,0
Hidrofono 16,48000Hz16__26_11_18__10-17-5_24.58,26
Hidrofono 16,48000Hz16__25_11_18__21-37-58_24.77,0
Hidrofono 16,48000Hz16__25_11_18__14-5-57_24.66,1
Hidrofono 16,48000Hz16__25_11_18__19-58-35_24.90,1
Hidrofono 16,48000Hz16__25_11_18__19-11-56_24.96,9
Hidrofono 16,48000Hz16__25_11_18__21-56-12_24.75,3
Hidrofono 16,48000Hz16__25_11_18__21-35-57_24.77,1
Hidrofono 16,48000Hz16__25_11_18__14-7-58_24.66,1
Hidrofono 16,48000Hz16__25_11_18__19-3-50_24.95,20
Hidrofono 16,48000Hz16__25_11_18__20-31-0_24.84,3
Hidrofono 16,48000Hz16__25_11_18__20-39-6_24.84,7
Hidrofono 16,48000Hz16__25_11_18__23-55-55_24.60,0
Hidrofono 16,48000Hz16__25_11_18__22-36-46_24.70,0
Hidrofono 16,48000Hz16__25_11_18__20-8-42_24.89,3
Hidrofono 16,48000Hz16__25_11_18__14-42-23_24.77,0
Hidrofono 16,48000Hz16__26_11_18__10-29-19_24.64,17
Hidrofono 16,48000Hz16__25_11_18__14-16-4_24.69,3
Hidrofono 16,48000Hz16__25_11_18__13-15-17_24.57,10
Hidrofono 16,48000Hz16__25_11_18__16-23-43_25.8,0
Hidrofono 16,48000Hz16__25_11_18__20-2-38_24.89,9
Hidrofono 16,48000Hz16__25_11_18__17-26-36_25.5,0
Hidrofono 16,48000Hz16__25_11_18__21-23-48_24.79,0
Hidrofono 16,48000Hz16__26_11_18__0-58-56_24.57,0
Hidrofono 16,48000Hz16__26_11_18__1-5-2_24.55,1
Hidrofono 16,48000Hz16__25_11_18__15-45-15_24.98,1
Hidrofono 16,48000Hz16__25_11_18__21-7-30_24.79,37
Hidrofono 16,48000Hz16__25_11_18__17-56-59_25.7,3
Hidrofono 16,48000Hz16__25_11_18__23-43-45_24.64,0
Hidrofono 16,48000Hz16__26_11_18__11-18-14_24.75,6
Hidrofono 16,48000Hz16__25_11_18__19-48-27_24.87,7
Hidrofono 16,48000Hz16__25_11_18__17-6-15_25.4,0
Hidrofono 16,48000Hz16__25_11_18__12-55-3_24.61,2
Hidrofono 16,48000Hz16__25_11_18__19-1-49_24.96,15
Hidrofono 16,48000Hz16__25_11_18__18-3-3_25.7,9
Hidrofono 16,48000Hz16__25_11_18__13-23-23_24.61,64
Hidrofono 16,48000Hz16__26_11_18__1-3-0_24.56,0
Hidrofono 16,48000Hz16__25_11_18__16-31-49_25.10,2
Hidrofono 16,48000Hz16__25_11_18__23-33-38_24.64,1
Hidrofono 16,48000Hz16__25_11_18__15-14-49_24.89,0
Hidrofono 16,48000Hz16__25_11_18__21-25-49_24.77,2
Hidrofono 16,48000Hz16__25_11_18__23-39-42_24.64,1
Hidrofono 16,48000Hz16__26_11_18__10-43-36_24.69,11
Hidrofono 16,48000Hz16__25_11_18__18-19-15_25.1,20
Hidrofono 16,48000Hz16__25_11_18__20-4-39_24.87,14
Hidrofono 16,48000Hz16__25_11_18__17-24-34_25.7,2
Hidrofono 16,48000Hz16__25_11_18__22-59-8_24.67,1
Hidrofono 16,48000Hz16__25_11_18__21-1-25_24.81,43
Hidrofono 16,48000Hz16__26_11_18__10-21-10_24.64,22
Hidrofono 16,48000Hz16__25_11_18__14-38-20_24.79,0
Hidrofono 16,48000Hz16__25_11_18__20-51-15_24.82,18
Hidrofono 16,48000Hz16__25_11_18__12-44-55_24.66,0
Hidrofono 16,48000Hz16__26_11_18__0-34-32_24.58,1
Hidrofono 16,48000Hz16__25_11_18__19-20-2_24.94,40
Hidrofono 16,48000Hz16__25_11_18__14-18-5_24.70,0
Hidrofono 16,48000Hz16__25_11_18__16-29-48_25.9,6
Hidrofono 16,48000Hz16__25_11_18__14-56-35_24.83,0
Hidrofono 16,48000Hz16__25_11_18__22-14-27_24.71,1
Hidrofono 16,48000Hz16__25_11_18__17-12-22_25.7,2
Hidrofono 16,48000Hz16__25_11_18__22-18-30_24.74,1
Hidrofono 16,48000Hz16__25_11_18__18-11-9_25.2,14
Hidrofono 16,48000Hz16__25_11_18__18-33-28_25.2,30
Hidrofono 16,48000Hz16__25_11_18__17-18-28_25.7,0
Hidrofono 16,48000Hz16__25_11_18__13-35-35_24.62,47
Hidrofono 16,48000Hz16__25_11_18__15-57-24_24.99,1
Hidrofono 16,48000Hz16__25_11_18__18-1-2_25.6,14
Hidrofono 16,48000Hz16__25_11_18__12-51-0_24.64,10
Hidrofono 16,48000Hz16__25_11_18__22-22-33_24.71,0
Hidrofono 16,48000Hz16__25_11_18__12-30-44_23.54,6
Hidrofono 16,48000Hz16__25_11_18__18-25-21_25.4,1
Hidrofono 16,48000Hz16__26_11_18__1-31-25_24.55,1
Hidrofono 16,48000Hz16__25_11_18__17-50-54_25.5,4
Hidrofono 16,48000Hz16__25_11_18__16-58-9_24.98,0
Hidrofono 16,48000Hz16__25_11_18__23-3-11_24.68,1
Hidrofono 16,48000Hz16__26_11_18__10-51-45_24.72,12
Hidrofono 16,48000Hz16__26_11_18__0-16-12_24.58,1
Hidrofono 16,48000Hz16__25_11_18__13-43-41_24.62,7
Hidrofono 16,48000Hz16__25_11_18__23-49-50_24.63,1
Hidrofono 16,48000Hz16__26_11_18__0-50-48_24.57,1
Hidrofono 16,48000Hz16__25_11_18__16-37-55_25.9,1
Hidrofono 16,48000Hz16__25_11_18__16-7-31_25.2,1
Hidrofono 16,48000Hz16__25_11_18__19-50-29_24.91,6
Hidrofono 16,48000Hz16__25_11_18__12-40-53_24.61,5
Hidrofono 16,48000Hz16__26_11_18__10-10-58_24.56,10
Hidrofono 16,48000Hz16__25_11_18__22-51-0_24.69,1
Hidrofono 16,48000Hz16__25_11_18__15-27-1_24.91,7
Hidrofono 16,48000Hz16__25_11_18__13-59-52_24.66,10
Hidrofono 16,48000Hz16__25_11_18__16-35-52_25.7,2
Hidrofono 16,48000Hz16__25_11_18__17-32-41_25.2,0
Hidrofono 16,48000Hz16__26_11_18__0-18-14_24.57,1
Hidrofono 16,48000Hz16__25_11_18__23-53-53_24.62,1
Hidrofono 16,48000Hz16__25_11_18__17-14-24_25.9,1
Hidrofono 16,48000Hz16__25_11_18__14-26-11_24.72,0
Hidrofono 16,48000Hz16__26_11_18__0-54-52_24.55,1
Hidrofono 16,48000Hz16__25_11_18__16-46-1_25.8,8
Hidrofono 16,48000Hz16__26_11_18__0-14-11_24.61,0
Hidrofono 16,48000Hz16__25_11_18__23-25-30_24.65,1
Hidrofono 16,48000Hz16__25_11_18__21-27-51_24.76,0
Hidrofono 16,48000Hz16__26_11_18__1-25-20_24.54,1
Hidrofono 16,48000Hz16__26_11_18__10-25-14_24.65,28
Hidrofono 16,48000Hz16__25_11_18__17-22-32_25.7,5
Hidrofono 16,48000Hz16__25_11_18__16-3-28_24.99,5
Hidrofono 16,48000Hz16__25_11_18__20-37-5_24.83,18
Hidrofono 16,48000Hz16__26_11_18__0-48-46_24.56,1
Hidrofono 16,48000Hz16__26_11_18__11-28-26_24.82,6
Hidrofono 16,48000Hz16__25_11_18__14-54-34_24.83,0
Hidrofono 16,48000Hz16__25_11_18__20-55-18_24.80,4
Hidrofono 16,48000Hz16__25_11_18__23-7-15_24.68,1
Hidrofono 16,48000Hz16__26_11_18__0-10-7_24.61,1
Hidrofono 16,48000Hz16__25_11_18__15-10-46_24.85,0
Hidrofono 16,48000Hz16__26_11_18__1-7-4_24.56,1
Hidrofono 16,48000Hz16__25_11_18__19-38-20_24.91,17
Hidrofono 16,48000Hz16__26_11_18__1-23-18_24.54,0
Hidrofono 16,48000Hz16__25_11_18__22-6-20_24.74,1
Hidrofono 16,48000Hz16__26_11_18__1-11-7_24.55,2
Hidrofono 16,48000Hz16__25_11_18__22-10-23_24.71,1
Hidrofono 16,48000Hz16__26_11_18__10-59-54_24.76,5
Hidrofono 16,48000Hz16__26_11_18__1-41-35_24.53,1
Hidrofono 16,48000Hz16__25_11_18__22-20-32_24.71,0
Hidrofono 16,48000Hz16__25_11_18__21-5-28_24.82,37
Hidrofono 16,48000Hz16__25_11_18__19-13-58_24.93,17
Hidrofono 16,48000Hz16__25_11_18__18-23-19_25.0,17
Hidrofono 16,48000Hz16__25_11_18__17-4-14_25.1,2
Hidrofono 16,48000Hz16__25_11_18__16-56-8_24.98,14
Hidrofono 16,48000Hz16__26_11_18__10-0-44_24.55,17
Hidrofono 16,48000Hz16__25_11_18__19-54-32_24.89,2
Hidrofono 16,48000Hz16__25_11_18__20-28-59_24.86,7
Hidrofono 16,48000Hz16__25_11_18__21-15-42_24.80,28
Hidrofono 16,48000Hz16__26_11_18__10-13-1_24.60,17
Hidrofono 16,48000Hz16__25_11_18__21-40-0_24.77,0
Hidrofono 16,48000Hz16__25_11_18__21-19-45_24.80,0
Hidrofono 16,48000Hz16__26_11_18__10-6-53_24.60,12
Hidrofono 16,48000Hz16__26_11_18__0-4-2_24.60,1
Hidrofono 16,48000Hz16__26_11_18__1-15-11_24.53,0
Hidrofono 16,48000Hz16__25_11_18__18-17-13_25.0,19
Hidrofono 16,48000Hz16__26_11_18__11-14-10_24.82,11
Hidrofono 16,48000Hz16__25_11_18__16-25-45_25.8,10
Hidrofono 16,48000Hz16__26_11_18__11-30-27_24.86,4
Hidrofono 16,48000Hz16__25_11_18__15-18-53_24.90,3
Hidrofono 16,48000Hz16__25_11_18__14-58-37_24.84,1
Hidrofono 16,48000Hz16__25_11_18__21-54-11_24.75,0
Hidrofono 16,48000Hz16__25_11_18__22-32-42_24.71,1
Hidrofono 16,48000Hz16__25_11_18__19-42-23_24.91,33
Hidrofono 16,48000Hz16__25_11_18__13-45-42_24.65,21
Hidrofono 16,48000Hz16__25_11_18__13-49-45_24.62,47
Hidrofono 16,48000Hz16__25_11_18__19-34-17_24.93,19
Hidrofono 16,48000Hz16__25_11_18__16-15-37_25.6,3
Hidrofono 16,48000Hz16__26_11_18__1-0-58_24.57,1
Hidrofono 16,48000Hz16__25_11_18__22-16-29_24.72,3
Hidrofono 16,48000Hz16__25_11_18__22-26-38_24.72,1
Hidrofono 16,48000Hz16__26_11_18__0-24-22_24.58,0
Hidrofono 16,48000Hz16__25_11_18__15-55-23_24.98,0
Hidrofono 16,48000Hz16__25_11_18__16-1-27_25.0,8
Hidrofono 16,48000Hz16__25_11_18__21-58-14_24.75,0
Hidrofono 16,48000Hz16__25_11_18__20-59-24_24.80,14
Hidrofono 16,48000Hz16__25_11_18__18-51-41_24.99,11
Hidrofono 16,48000Hz16__26_11_18__11-22-20_24.77,4
Hidrofono 16,48000Hz16__26_11_18__0-30-29_24.58,0
Hidrofono 16,48000Hz16__25_11_18__14-22-8_24.72,1
Hidrofono 16,48000Hz16__25_11_18__14-46-27_24.79,1
Hidrofono 16,48000Hz16__25_11_18__22-24-35_24.72,8
Hidrofono 16,48000Hz16__25_11_18__21-48-6_24.76,1
Hidrofono 16,48000Hz16__25_11_18__22-28-39_24.71,0
Hidrofono 16,48000Hz16__25_11_18__16-13-36_25.5,6
Hidrofono 16,48000Hz16__25_11_18__15-59-26_24.98,2
Hidrofono 16,48000Hz16__25_11_18__18-57-46_24.98,18
Hidrofono 16,48000Hz16__25_11_18__12-59-5_24.60,1
Hidrofono 16,48000Hz16__25_11_18__15-4-41_24.85,2
Hidrofono 16,48000Hz16__25_11_18__23-1-9_24.69,0
Hidrofono 16,48000Hz16__25_11_18__23-57-56_24.61,1
Hidrofono 16,48000Hz16__25_11_18__15-22-57_24.87,1
Hidrofono 16,48000Hz16__25_11_18__19-28-11_24.93,21
Hidrofono 16,48000Hz16__26_11_18__1-29-23_24.52,1
Hidrofono 16,48000Hz16__25_11_18__19-36-18_24.92,10
Hidrofono 16,48000Hz16__25_11_18__19-15-59_24.95,24
Hidrofono 16,48000Hz16__25_11_18__13-29-29_24.60,70
Hidrofono 16,48000Hz16__26_11_18__1-19-14_24.53,0
Hidrofono 16,48000Hz16__25_11_18__17-0-11_24.99,10
Hidrofono 16,48000Hz16__26_11_18__10-47-40_24.71,6
Hidrofono 16,48000Hz16__25_11_18__17-8-17_25.6,0
Hidrofono 16,48000Hz16__25_11_18__15-49-18_24.98,1
Hidrofono 16,48000Hz16__25_11_18__20-43-9_24.83,29
Hidrofono 16,48000Hz16__25_11_18__13-7-11_24.60,8
Hidrofono 16,48000Hz16__25_11_18__15-31-4_24.92,1
Hidrofono 16,48000Hz16__25_11_18__16-9-33_25.2,0
Hidrofono 16,48000Hz16__25_11_18__16-41-58_25.10,2
Hidrofono 16,48000Hz16__25_11_18__20-49-14_24.82,8
Hidrofono 16,48000Hz16__25_11_18__18-47-38_24.99,10
Hidrofono 16,48000Hz16__25_11_18__14-36-18_24.77,48
Hidrofono 16,48000Hz16__25_11_18__14-30-14_24.72,37
Hidrofono 16,48000Hz16__25_11_18__18-37-31_25.0,4
Hidrofono 16,48000Hz16__26_11_18__10-2-47_24.57,19
Hidrofono 16,48000Hz16__26_11_18__10-41-34_24.69,16
Hidrofono 16,48000Hz16__26_11_18__11-26-24_24.81,5
Hidrofono 16,48000Hz16__25_11_18__23-29-34_24.64,0
Hidrofono 16,48000Hz16__25_11_18__21-13-40_24.81,22
Hidrofono 16,48000Hz16__25_11_18__21-31-54_24.79,0
Hidrofono 16,48000Hz16__26_11_18__1-21-16_24.54,1
Hidrofono 16,48000Hz16__25_11_18__15-47-17_24.96,0
Hidrofono 16,48000Hz16__26_11_18__1-49-43_24.52,2
Hidrofono 16,48000Hz16__25_11_18__20-45-11_24.83,12
Hidrofono 16,48000Hz16__26_11_18__0-2-1_24.63,0
Hidrofono 16,48000Hz16__25_11_18__21-52-9_24.75,0
Hidrofono 16,48000Hz16__25_11_18__14-10-0_24.69,0
Hidrofono 16,48000Hz16__26_11_18__11-20-17_24.78,3
Hidrofono 16,48000Hz16__25_11_18__17-20-29_25.8,2
Hidrofono 16,48000Hz16__25_11_18__17-38-45_25.7,0
Hidrofono 16,48000Hz16__25_11_18__17-54-57_25.6,3
Hidrofono 16,48000Hz16__25_11_18__15-53-21_24.98,1
Hidrofono 16,48000Hz16__26_11_18__10-55-50_24.71,23
Hidrofono 16,48000Hz16__25_11_18__15-37-9_24.93,0
Hidrofono 16,48000Hz16__25_11_18__15-16-50_24.89,0
Hidrofono 16,48000Hz16__25_11_18__17-34-42_25.5,0
Hidrofono 16,48000Hz16__25_11_18__13-11-14_24.60,1
Hidrofono 16,48000Hz16__26_11_18__1-51-44_24.51,0
Hidrofono 16,48000Hz16__25_11_18__19-32-15_24.93,48
Hidrofono 16,48000Hz16__26_11_18__1-33-27_24.52,1
Hidrofono 16,48000Hz16__25_11_18__17-2-12_25.2,1
Hidrofono 16,48000Hz16__25_11_18__20-14-48_24.86,15
Hidrofono 16,48000Hz16__25_11_18__14-34-17_24.76,65
Hidrofono 16,48000Hz16__25_11_18__23-17-24_24.69,0
Hidrofono 16,48000Hz16__25_11_18__21-3-27_24.80,28
Hidrofono 16,48000Hz16__25_11_18__19-24-7_24.93,25
Hidrofono 16,48000Hz16__25_11_18__20-35-3_24.84,23
Hidrofono 16,48000Hz16__25_11_18__17-42-48_25.6,5
Hidrofono 16,48000Hz16__26_11_18__10-23-12_24.62,36
Hidrofono 16,48000Hz16__25_11_18__20-6-41_24.89,2
Hidrofono 16,48000Hz16__25_11_18__17-40-47_25.5,4
Hidrofono 16,48000Hz16__25_11_18__12-38-51_24.62,1
Hidrofono 16,48000Hz16__25_11_18__12-42-54_24.64,5
Hidrofono 16,48000Hz16__25_11_18__15-39-11_24.94,0
Hidrofono 16,48000Hz16__25_11_18__20-53-17_24.82,5
Hidrofono 16,48000Hz16__25_11_18__13-21-21_24.60,73
Hidrofono 16,48000Hz16__25_11_18__16-52-5_25.2,2
Hidrofono 16,48000Hz16__25_11_18__13-53-48_24.66,1
Hidrofono 16,48000Hz16__25_11_18__12-46-57_24.66,5
Hidrofono 16,48000Hz16__25_11_18__22-12-26_24.74,1
Hidrofono 16,48000Hz16__25_11_18__16-5-30_25.2,1
Hidrofono 16,48000Hz16__25_11_18__19-52-30_24.89,12
Hidrofono 16,48000Hz16__25_11_18__13-33-34_24.60,32
Hidrofono 16,48000Hz16__26_11_18__11-24-22_24.78,9
Hidrofono 16,48000Hz16__26_11_18__1-59-52_24.50,0
Hidrofono 16,48000Hz16__25_11_18__22-42-51_24.68,12
Hidrofono 16,48000Hz16__25_11_18__15-35-8_24.93,1
Hidrofono 16,48000Hz16__25_11_18__23-51-52_24.61,0
Hidrofono 16,48000Hz16__25_11_18__15-20-55_24.90,2
Hidrofono 16,48000Hz16__25_11_18__17-36-44_25.2,0
Hidrofono 16,48000Hz16__26_11_18__0-36-34_24.58,0
Hidrofono 16,48000Hz16__25_11_18__18-5-5_25.4,17
Hidrofono 16,48000Hz16__25_11_18__14-40-21_24.78,2
Hidrofono 16,48000Hz16__25_11_18__18-35-29_25.2,5
Hidrofono 16,48000Hz16__26_11_18__10-45-38_24.69,10
Hidrofono 16,48000Hz16__25_11_18__20-10-44_24.89,6
Hidrofono 16,48000Hz16__25_11_18__14-12-1_24.68,2
Hidrofono 16,48000Hz16__25_11_18__18-15-12_25.1,6
Hidrofono 16,48000Hz16__25_11_18__13-55-49_24.66,5
Hidrofono 16,48000Hz16__26_11_18__1-55-48_24.50,1
Hidrofono 16,48000Hz16__26_11_18__0-20-16_24.58,0
Hidrofono 16,48000Hz16__25_11_18__16-33-50_25.7,7
Hidrofono 16,48000Hz16__25_11_18__15-12-47_24.87,0
Hidrofono 16,48000Hz16__26_11_18__10-37-29_24.68,35
Hidrofono 16,48000Hz16__25_11_18__22-34-44_24.71,1
Hidrofono 16,48000Hz16__26_11_18__0-22-19_24.58,0
Hidrofono 16,48000Hz16__25_11_18__12-57-4_24.64,1
Hidrofono 16,48000Hz16__26_11_18__10-53-48_24.71,34
Hidrofono 16,48000Hz16__25_11_18__23-23-29_24.64,0
Hidrofono 16,48000Hz16__26_11_18__0-52-50_24.55,2
Hidrofono 16,48000Hz16__25_11_18__18-43-35_25.0,10
Hidrofono 16,48000Hz16__25_11_18__20-41-8_24.84,10
Hidrofono 16,48000Hz16__25_11_18__21-9-31_24.79,4
Hidrofono 16,48000Hz16__25_11_18__23-11-18_24.68,0
Hidrofono 16,48000Hz16__26_11_18__0-42-39_24.58,0
Hidrofono 16,48000Hz16__26_11_18__0-6-4_24.61,3
Hidrofono 16,48000Hz16__25_11_18__22-53-2_24.69,4
Hidrofono 16,48000Hz16__25_11_18__23-13-21_24.65,1
Hidrofono 16,48000Hz16__26_11_18__0-28-26_24.57,2
Hidrofono 16,48000Hz16__25_11_18__23-37-41_24.65,0
Hidrofono 16,48000Hz16__25_11_18__14-24-10_24.70,0
Hidrofono 16,48000Hz16__26_11_18__1-53-46_24.52,1
Hidrofono 16,48000Hz16__26_11_18__10-57-52_24.75,11
Hidrofono 16,48000Hz16__25_11_18__13-25-26_24.63,45
Hidrofono 16,48000Hz16__25_11_18__17-10-21_25.6,2
Hidrofono 16,48000Hz16__25_11_18__13-19-20_24.61,38
Hidrofono 16,48000Hz16__25_11_18__21-50-8_24.75,4
Hidrofono 16,48000Hz16__25_11_18__15-33-7_24.94,2
Hidrofono 16,48000Hz16__25_11_18__17-46-51_25.6,1
Hidrofono 16,48000Hz16__25_11_18__14-20-7_24.70,9
Hidrofono 16,48000Hz16__25_11_18__16-54-6_25.1,6
Hidrofono 16,48000Hz16__25_11_18__18-27-22_25.2,3
Hidrofono 16,48000Hz16__26_11_18__11-1-56_24.77,20
Hidrofono 16,48000Hz16__25_11_18__21-46-5_24.75,1
Hidrofono 16,48000Hz16__25_11_18__13-3-8_24.62,22
Hidrofono 16,48000Hz16__25_11_18__17-59-0_25.5,13
Hidrofono 16,48000Hz16__25_11_18__16-39-56_25.7,10
